truckId,simulationId,tiempo
0013DYS,04e06e2f-d6d4-4364-aedc-d3f98fa1017a,"[612570.0, 94410.0, 186540.0, 389550.0, 227190.0, 170580.0, 406080.0]"
0013DYS,0a0705b9-6b0f-4a69-b25b-668b596041c4,"[806040.0, 135840.0, 173910.0, 1780560.0, 1694190.0, 152880.0, 731280.0]"
0013DYS,0f8f5823-99dc-4511-9951-c9f6b4c8696e,"[3658500.0, 3566040.0]"
0013DYS,173ebd26-a1a9-4798-a4a0-f2b5f763dcae,"[1547550.0, 1227360.0, 1887300.0, 940020.0, 245010.0, 144720.0, 159210.0, 603390.0]"
0013DYS,1a73cac3-f12d-4e06-a215-c69c2a6ea856,"[704190.0, 312750.0, 76680.0, 2407860.0, 2109570.0, 601920.0]"
0013DYS,2291b8d8-db1c-4320-812f-2a5c06a5291b,"[3738930.0, 3639810.0]"
0013DYS,27f24f6d-599b-4857-9213-0b2170055034,"[2295120.0, 420210.0, 1558530.0, 731160.0, 2284440.0, 228750.0]"
0013DYS,35639c90-2e65-4da6-abb4-9f23ff5e94f0,"[1857480.0, 1054590.0, 2160210.0, 351150.0, 310860.0]"
0013DYS,381d92f4-7695-46c2-aff1-49c5abb0723b,"[1353360.0, 622080.0, 462450.0, 487980.0, 867120.0, 1833060.0, 242850.0, 852660.0]"
0013DYS,4a5ab221-44c2-4c15-beff-aca1fc357c3a,"[555420.0, 1664190.0, 1006590.0, 959160.0, 858060.0]"
0013DYS,54cfa245-a633-4505-86a5-e47ef018fb8c,"[2191800.0, 1490790.0, 913620.0, 1273050.0]"
0013DYS,5817b5aa-56fb-413f-be71-27dcce8adca3,"[747990.0, 264420.0, 111660.0, 701490.0, 149220.0, 506850.0]"
0013DYS,5bd040a5-cf27-4ffd-af6a-4afa44a7eecc,"[2028240.0, 1791570.0, 132540.0, 86310.0, 490140.0]"
0013DYS,5d239b9a-3bac-46bd-b19a-7ef590c0a2db,"[1608780.0, 825720.0, 1443090.0, 262110.0, 322980.0, 422820.0]"
0013DYS,6f5b7b1e-74c4-4c9a-a3b0-cb32fa412dec,"[467580.0, 326790.0, 442980.0, 532950.0, 213810.0, 535650.0, 135780.0, 186480.0, 392490.0, 594390.0]"
0013DYS,77227d86-31d7-4575-b55c-c88e6e389c0e,"[370110.0, 314550.0, 1682730.0, 1228620.0, 812220.0, 1591200.0]"
0013DYS,7ab9795c-ae20-467b-a4b3-2dd62077bcf5,"[3714150.0, 3730020.0]"
0013DYS,7b2a7ee6-05a9-4a7b-bda0-a089ee2d58ec,"[1033140.0, 274620.0, 1778160.0, 1433550.0, 720480.0, 458820.0, 339450.0]"
0013DYS,81acb266-ab82-497b-92d9-fae490cc4823,"[4896480.0, 4876620.0]"
0013DYS,83317ce9-22cf-4007-9aeb-0b1bb34e3229,"[188190.0, 227580.0, 335250.0, 321750.0, 544050.0]"
0013DYS,864bd9f3-074d-45e8-a032-5a01237ae290,"[2548560.0, 2347020.0, 119490.0]"
0013DYS,87cbff75-1caa-4068-a786-21468b9488b8,"[332370.0, 266310.0, 309420.0, 241680.0, 1545900.0, 449610.0, 696120.0]"
0013DYS,89e2794a-f385-45c2-a9be-d8cb5f293c72,"[408540.0, 499920.0, 91740.0, 593280.0, 498120.0, 678090.0, 1200690.0, 642180.0, 1489890.0]"
0013DYS,8a1157ba-b8fc-4a05-9a47-6c63f4ed2005,"[761670.0, 313890.0, 251310.0, 727920.0, 591690.0, 432180.0]"
0013DYS,8c7a2f21-ae93-4afc-a62c-e49969b0bbad,"[265350.0, 1187790.0, 921390.0, 1098720.0, 838260.0]"
0013DYS,8ef28810-cf55-4c6a-9487-55178eab727f,"[973800.0, 1206060.0, 1067160.0, 998670.0]"
0013DYS,91133857-fade-412b-859b-901e50aa2236,"[176490.0, 566820.0, 144150.0, 1883370.0, 1098030.0, 2067300.0]"
0013DYS,a0788763-3bd2-4720-8865-5f5332cf30a6,"[2760150.0, 276990.0, 2391450.0, 849420.0]"
0013DYS,a8a11526-6b9b-4143-bfb1-ffcae600a17e,"[885840.0, 232200.0, 320130.0, 684900.0, 434160.0]"
0013DYS,b3f5280d-c680-4542-abe0-1e2a1a71fe8a,"[2420700.0, 1362900.0, 1185150.0]"
0013DYS,b8109082-8f07-42a4-ab27-2d428a678417,"[4072350.0, 4065990.0]"
0013DYS,bc87aba4-7ff5-4dec-8717-d3f73e5b67bf,"[630660.0, 237180.0, 592350.0, 1219650.0, 1141560.0, 243150.0, 866430.0]"
0013DYS,c16022a9-a452-42b9-ac93-9da2ca75a0a9,"[4245900.0, 3964110.0, 183810.0]"
0013DYS,c2bde931-8396-48f4-b42b-29cf5ec7d4ae,"[238830.0, 418140.0, 32820.0, 3558720.0, 3461070.0, 316950.0, 304080.0]"
0013DYS,c5e37df4-62f2-47ea-a7d5-c0e5800f8247,"[856470.0, 486210.0, 495720.0, 484050.0, 473820.0, 705120.0]"
0013DYS,c9b658fc-7a0c-46d6-b81c-bfb321a39b1c,"[731700.0, 727320.0, 412320.0, 586980.0, 286110.0, 547020.0, 341550.0, 225780.0]"
0013DYS,cfdac05b-ec01-4a38-a8f1-d8f55ce5f453,"[1851420.0, 73170.0, 897690.0, 1438200.0, 1099890.0, 430950.0, 1061730.0]"
0013DYS,d21ee0a0-421b-4fa9-a656-33c8d4a7fb05,"[69120.0, 718860.0, 387750.0, 433020.0, 506820.0]"
0013DYS,d8e2d2b5-2bb8-437f-9493-b078926a19a4,"[1706400.0, 1361370.0, 1312860.0, 532020.0, 999660.0]"
0013DYS,da12ce1a-9c67-4ff9-923e-8dac24549fe3,"[244440.0, 723060.0, 1910610.0, 1655460.0, 770490.0, 522120.0, 160950.0, 464190.0]"
0013DYS,dbdddebe-c15c-4032-a4f3-d4e3e2087b5c,"[576810.0, 430980.0, 204810.0, 631350.0, 965130.0, 155880.0]"
0013DYS,de0b7e1c-aa0a-46d5-82c0-9a38bbc30cbe,"[1013700.0, 295110.0, 270210.0, 569010.0, 779520.0, 1231830.0, 125340.0, 205410.0, 346380.0]"
0013DYS,e4fe3aec-1b0f-45b6-9921-84f4f7da350e,"[537330.0, 117510.0, 896220.0, 1422360.0, 1326990.0, 1060890.0, 905550.0, 383850.0, 379650.0]"
0013DYS,e7994090-f25d-4c51-af2a-9db9c65cff6f,"[2299140.0, 2213970.0]"
0013DYS,f007019f-866d-48be-a0cb-bd96328ee43b,"[619290.0, 595710.0, 1165620.0, 1241220.0, 596220.0]"
0013DYS,f0f90050-5a0f-4965-864e-d6bc0d02b5a0,"[638280.0, 128610.0, 255780.0, 151140.0, 503850.0]"
0013DYS,f34001bf-670e-48ef-b706-535637ee7818,"[1409370.0, 343680.0, 982440.0, 387450.0, 422490.0, 559350.0, 611220.0, 191010.0]"
0013DYS,f4d22ce9-3723-4197-b7a8-67ac3d812383,"[423720.0, 483660.0, 516150.0, 845130.0, 323280.0, 1044690.0]"
0013DYS,f5532e53-1b55-4412-aa91-aed76c9ab80f,"[720180.0, 513090.0, 148410.0, 1538070.0, 1296330.0, 516510.0, 226650.0, 119520.0]"
0013DYS,fea13535-ade6-4215-96ca-dab5b4ef309b,"[3901230.0, 3846930.0]"
0184WLX,5bc23801-c7da-43be-80d1-70bf84a82d17,"[1982280.0, 345780.0, 1914060.0, 391080.0]"
0265TYL,3639f918-671b-4d85-a9d9-a4740ab1d1a0,"[2220630.0, 2261730.0]"
0265TYL,76cb2988-3a44-44bf-8cd6-91f93dc68270,"[206910.0, 473460.0, 277650.0, 1844430.0, 1985430.0, 332220.0]"
0265TYL,a2bfd344-3b14-462a-82e7-d42aca54a650,"[96060.0, 116010.0, 513870.0, 275820.0, 1558470.0, 1611870.0, 537660.0]"
0265TYL,aeec8199-893b-4784-8af9-31ef0f2b9857,"[2526210.0, 2493870.0]"
0265TYL,cb6a8d9e-c533-41bd-972d-871d80028307,"[1073880.0, 487230.0, 1489320.0, 1135560.0, 308250.0, 576390.0]"
0265TYL,dbdddebe-c15c-4032-a4f3-d4e3e2087b5c,"[176760.0, 23610.0, 1507290.0, 1067790.0, 2125530.0]"
0781PZL,04e06e2f-d6d4-4364-aedc-d3f98fa1017a,"[2474160.0, 1614630.0, 889470.0, 181440.0, 547050.0, 595620.0, 427020.0]"
0781PZL,0e431f85-a4c6-4109-ad1b-98f58392816e,"[2435220.0, 1491090.0, 154380.0, 130380.0, 216840.0, 754290.0]"
0781PZL,35639c90-2e65-4da6-abb4-9f23ff5e94f0,"[207330.0, 2590170.0, 1851030.0, 931740.0, 568320.0, 254550.0]"
0781PZL,3639f918-671b-4d85-a9d9-a4740ab1d1a0,"[1259760.0, 1002390.0, 1047420.0, 298350.0, 554850.0]"
0781PZL,5bc23801-c7da-43be-80d1-70bf84a82d17,"[401400.0, 413880.0, 462180.0, 739980.0, 709050.0, 233880.0, 489150.0]"
0781PZL,7a380404-da50-4a66-8ce4-47865698ad1b,"[2477370.0, 2549220.0]"
0781PZL,864bd9f3-074d-45e8-a032-5a01237ae290,"[2216340.0, 643020.0, 1944060.0]"
0781PZL,87cbff75-1caa-4068-a786-21468b9488b8,"[2477220.0, 2549310.0]"
0781PZL,a0788763-3bd2-4720-8865-5f5332cf30a6,"[3574740.0, 3565980.0]"
0781PZL,aeec8199-893b-4784-8af9-31ef0f2b9857,"[216390.0, 1879740.0, 35940.0, 119640.0, 1017030.0, 1792500.0]"
0781PZL,bafe7676-7c4f-45a4-9c0d-c34153a00076,"[819150.0, 463590.0, 717450.0, 922050.0, 339180.0, 361710.0, 768960.0]"
0781PZL,c2c558ad-2855-4f41-b26a-3cfd276f439a,"[1656600.0, 182340.0, 179610.0, 1083990.0, 151110.0, 250950.0, 464550.0, 532050.0]"
0781PZL,cb6a8d9e-c533-41bd-972d-871d80028307,"[288690.0, 733230.0, 555510.0, 301380.0, 422730.0, 287310.0, 801660.0]"
0781PZL,cfe3f9b5-0b5b-4a0d-9311-1b3ef92261aa,"[575280.0, 307410.0, 535950.0, 1289820.0, 2100900.0]"
0781PZL,d17da1f8-a5a6-4614-a067-6feb96b2b611,"[2113740.0, 1411290.0, 868650.0, 206610.0]"
0781PZL,d8e2d2b5-2bb8-437f-9493-b078926a19a4,"[824910.0, 407490.0, 1630290.0, 1592820.0, 482820.0]"
0781PZL,da12ce1a-9c67-4ff9-923e-8dac24549fe3,"[2512260.0, 1435860.0, 717120.0, 241410.0, 184290.0, 1122420.0]"
0781PZL,e7994090-f25d-4c51-af2a-9db9c65cff6f,"[933210.0, 802590.0, 443520.0, 238050.0, 302010.0, 760920.0, 322680.0, 468180.0]"
0781PZL,ebda61a0-2d8b-4999-a480-8aac6aad374d,"[869220.0, 289320.0, 1431360.0, 190590.0, 94050.0, 2215410.0]"
0781PZL,f007019f-866d-48be-a0cb-bd96328ee43b,"[705000.0, 284850.0, 1509930.0, 991680.0, 647880.0, 115380.0]"
0781PZL,fa23dac3-ff27-474b-8e67-cf65128b6afe,"[2158890.0, 1140000.0, 2679660.0]"
1012GWV,5bc23801-c7da-43be-80d1-70bf84a82d17,"[2102610.0, 1995960.0, 320940.0]"
1161GJN,a2bfd344-3b14-462a-82e7-d42aca54a650,"[1565460.0, 2022030.0, 2863230.0, 228060.0]"
1489WHW,b3f5280d-c680-4542-abe0-1e2a1a71fe8a,"[328380.0, 1244490.0, 1122900.0, 2127030.0]"
1489WHW,d17da1f8-a5a6-4614-a067-6feb96b2b611,"[2326440.0, 2270370.0]"
1489WHW,fccbc861-3e31-4e35-b4f3-b0f97e77a2c2,"[1146180.0, 1212450.0]"
1669HSZ,2291b8d8-db1c-4320-812f-2a5c06a5291b,"[845340.0, 390780.0, 1123380.0, 1116330.0, 356490.0, 1764120.0, 623220.0, 713190.0, 274410.0, 221220.0]"
1669HSZ,5a1f0e34-a19a-43ef-812c-050da6ac6d27,"[4489020.0, 297330.0, 94140.0, 4353300.0]"
1669HSZ,8c7a2f21-ae93-4afc-a62c-e49969b0bbad,"[4441710.0, 4364220.0]"
1669HSZ,a2bfd344-3b14-462a-82e7-d42aca54a650,"[3418560.0, 3438420.0]"
1669HSZ,b40b6dec-826e-4891-b852-fb32f8802ada,"[4352850.0, 2672040.0, 638190.0, 1395630.0]"
2423VRT,0e431f85-a4c6-4109-ad1b-98f58392816e,"[2626920.0, 2593680.0]"
2423VRT,3639f918-671b-4d85-a9d9-a4740ab1d1a0,"[2142000.0, 999210.0, 1435290.0]"
2423VRT,5bc23801-c7da-43be-80d1-70bf84a82d17,"[1513140.0, 1130160.0, 1595850.0, 127980.0, 565080.0]"
2423VRT,76cb2988-3a44-44bf-8cd6-91f93dc68270,"[866280.0, 347580.0, 1906890.0, 1764000.0, 634320.0]"
2423VRT,87cbff75-1caa-4068-a786-21468b9488b8,"[605100.0, 1579890.0, 1169520.0, 529410.0, 1222560.0]"
2423VRT,a2bfd344-3b14-462a-82e7-d42aca54a650,"[606840.0, 679710.0, 2202210.0, 2104410.0, 225780.0, 83940.0, 595560.0]"
2423VRT,aeec8199-893b-4784-8af9-31ef0f2b9857,"[1503870.0, 1317300.0, 589500.0, 876900.0, 981720.0]"
2423VRT,b3f5280d-c680-4542-abe0-1e2a1a71fe8a,"[1388940.0, 500820.0, 1143300.0, 412650.0, 1451760.0]"
2423VRT,bafe7676-7c4f-45a4-9c0d-c34153a00076,"[2618790.0, 2585250.0]"
2423VRT,cb6a8d9e-c533-41bd-972d-871d80028307,"[532350.0, 567450.0, 976860.0, 629100.0, 2231730.0]"
2423VRT,d17da1f8-a5a6-4614-a067-6feb96b2b611,"[333210.0, 2087430.0, 2268270.0]"
2423VRT,da12ce1a-9c67-4ff9-923e-8dac24549fe3,"[3222480.0, 2943810.0, 366750.0]"
2423VRT,dbdddebe-c15c-4032-a4f3-d4e3e2087b5c,"[2723190.0, 2796000.0]"
2423VRT,f007019f-866d-48be-a0cb-bd96328ee43b,"[1743450.0, 181110.0, 678120.0, 1323690.0]"
2423VRT,fccbc861-3e31-4e35-b4f3-b0f97e77a2c2,"[639330.0, 1253730.0, 1158090.0, 476250.0, 779490.0]"
3321FBL,007f3d08-14a7-4a93-af9e-f0d9cfbcea94,"[750960.0, 482520.0, 311850.0, 418680.0, 458820.0, 316350.0, 834930.0, 772020.0, 795570.0, 924090.0, 290550.0, 350550.0, 805020.0, 1569390.0, 396090.0]"
3321FBL,0479683c-5185-4c2a-bb06-2dc0e805eecb,"[428610.0, 375420.0, 173310.0, 58980.0, 737850.0, 649350.0, 210180.0, 751290.0, 393180.0, 515550.0, 748680.0]"
3321FBL,04e06e2f-d6d4-4364-aedc-d3f98fa1017a,"[3001950.0, 817080.0, 2737170.0]"
3321FBL,050963e7-113a-4f7f-a21e-a720d8034642,"[544770.0, 836550.0, 329250.0, 735720.0, 316050.0, 693420.0, 934920.0]"
3321FBL,09b973fd-ddc3-48a5-8838-6c6e02e14a7f,"[1479540.0, 647490.0, 1303890.0, 2177130.0, 1225560.0, 759390.0, 399120.0, 153810.0, 794460.0, 354150.0, 507420.0]"
3321FBL,0e431f85-a4c6-4109-ad1b-98f58392816e,"[1679190.0, 651060.0, 327150.0, 927090.0, 134250.0, 1442730.0]"
3321FBL,0f8f5823-99dc-4511-9951-c9f6b4c8696e,"[2146890.0, 1378560.0, 119040.0, 157620.0, 323160.0, 827490.0, 205380.0, 241350.0, 343050.0, 703860.0]"
3321FBL,173ebd26-a1a9-4798-a4a0-f2b5f763dcae,"[985020.0, 827520.0, 373410.0, 1067370.0, 861960.0, 730650.0, 705240.0, 575280.0]"
3321FBL,1a73cac3-f12d-4e06-a215-c69c2a6ea856,"[684630.0, 1052520.0, 1453230.0, 1726170.0, 641790.0, 226110.0, 330150.0, 331680.0, 308520.0, 364950.0]"
3321FBL,2291b8d8-db1c-4320-812f-2a5c06a5291b,"[1017870.0, 222750.0, 261810.0, 516330.0, 523530.0, 450750.0, 121110.0, 566940.0, 247560.0, 355020.0, 161850.0]"
3321FBL,27f24f6d-599b-4857-9213-0b2170055034,"[572430.0, 443490.0, 426120.0, 1639320.0, 1678920.0, 645090.0, 680790.0, 380910.0, 424080.0, 500250.0]"
3321FBL,2f956e3a-25df-4c5e-bb50-92d92dc9ba00,"[193500.0, 627780.0, 1315710.0, 206190.0, 300000.0, 784800.0, 69120.0, 1459710.0, 1992930.0]"
3321FBL,333c2024-654c-4b7c-8609-fe8412c20b2c,"[3521520.0, 3575070.0]"
3321FBL,35639c90-2e65-4da6-abb4-9f23ff5e94f0,"[744420.0, 847560.0, 431250.0, 840420.0, 279750.0, 1689930.0, 892380.0, 421620.0, 861720.0]"
3321FBL,3639f918-671b-4d85-a9d9-a4740ab1d1a0,"[1830360.0, 599220.0, 949080.0, 1254690.0]"
3321FBL,381d92f4-7695-46c2-aff1-49c5abb0723b,"[2667060.0, 2195130.0, 951960.0, 843720.0]"
3321FBL,3d1c2abc-0431-454a-8f4a-68b4164fdbef,"[1041480.0, 464610.0, 2141760.0, 1991460.0, 813690.0, 638850.0, 256980.0, 438480.0]"
3321FBL,40dbae54-8760-404f-a434-2c4bed57c907,"[1026720.0, 327810.0, 1577430.0, 938280.0, 247980.0, 173280.0, 845820.0, 1458090.0, 1161390.0, 1840170.0]"
3321FBL,435ce988-c95d-47ec-a176-4b9a2967d059,"[975450.0, 959520.0, 1698630.0, 895590.0, 831630.0, 322050.0, 830820.0]"
3321FBL,45c9a42a-7cb5-4266-b0aa-a05b3f446390,"[311880.0, 466620.0, 543090.0, 402870.0, 1908840.0, 1729770.0, 1508100.0]"
3321FBL,48959867-c32b-4c58-8806-f0e50fd68a93,"[901650.0, 1042230.0, 229920.0, 2737110.0, 917160.0, 1229100.0, 396060.0, 273990.0, 551790.0, 244320.0, 584790.0]"
3321FBL,4a5ab221-44c2-4c15-beff-aca1fc357c3a,"[1206150.0, 827100.0, 1126530.0, 1114590.0, 435720.0]"
3321FBL,50951384-0816-4303-afbb-49a9582ab1d4,"[1261590.0, 592920.0, 1674930.0, 491850.0, 519450.0, 534450.0, 819150.0]"
3321FBL,54cfa245-a633-4505-86a5-e47ef018fb8c,"[3199440.0, 3110430.0]"
3321FBL,5a1f0e34-a19a-43ef-812c-050da6ac6d27,"[2123460.0, 1526610.0, 754830.0, 632730.0, 1113930.0, 1253790.0, 589920.0, 409380.0, 301920.0, 264990.0, 624990.0]"
3321FBL,5bd040a5-cf27-4ffd-af6a-4afa44a7eecc,"[813810.0, 582060.0, 1217340.0, 78480.0, 1015380.0, 1224420.0]"
3321FBL,5d239b9a-3bac-46bd-b19a-7ef590c0a2db,"[491190.0, 1058790.0, 480180.0, 520950.0, 694350.0, 128580.0, 272280.0, 556980.0, 86580.0, 113640.0]"
3321FBL,640d734e-c3ae-4c53-a3a9-e2f87067343b,"[897810.0, 1417950.0, 1377960.0, 434220.0, 896220.0, 241980.0, 280080.0]"
3321FBL,6deec7b7-6c11-418c-a1bd-f99a9e3261b6,"[732630.0, 285150.0, 409110.0, 334350.0, 1428330.0, 1366590.0, 1602450.0, 254640.0, 136110.0, 1229220.0, 246450.0]"
3321FBL,6f5b7b1e-74c4-4c9a-a3b0-cb32fa412dec,"[780660.0, 149550.0, 797130.0, 192450.0, 640020.0, 1083450.0, 725250.0, 1419960.0, 340830.0, 983190.0, 1523340.0]"
3321FBL,76cb2988-3a44-44bf-8cd6-91f93dc68270,"[1507710.0, 1312230.0, 410850.0, 784290.0, 316980.0, 248550.0, 1287600.0]"
3321FBL,77227d86-31d7-4575-b55c-c88e6e389c0e,"[572580.0, 76140.0, 241650.0, 1600620.0, 2051820.0]"
3321FBL,7ab9795c-ae20-467b-a4b3-2dd62077bcf5,"[875730.0, 276750.0, 374550.0, 1227930.0, 1052190.0, 236850.0, 766890.0, 210540.0, 120810.0, 197910.0]"
3321FBL,7b2a7ee6-05a9-4a7b-bda0-a089ee2d58ec,"[893640.0, 783210.0, 305220.0, 1014420.0, 157650.0, 1147590.0, 1047630.0, 634620.0, 936600.0, 840090.0]"
3321FBL,7e1b471d-ff00-43de-b527-ce2871f8e74f,"[925290.0, 381390.0, 865650.0, 1067820.0, 751290.0, 954990.0, 643590.0, 544020.0, 330990.0]"
3321FBL,81acb266-ab82-497b-92d9-fae490cc4823,"[144780.0, 925890.0, 976590.0, 391380.0, 1031130.0, 164580.0, 1344930.0, 610530.0, 75240.0, 575880.0, 474150.0, 144180.0]"
3321FBL,8355efb1-34cf-4d53-b85a-535990793ffc,"[621870.0, 329700.0, 334290.0, 269130.0, 614160.0, 824790.0, 1438290.0, 1596930.0, 2513010.0, 1321260.0, 843750.0]"
3321FBL,89e2794a-f385-45c2-a9be-d8cb5f293c72,"[995220.0, 113550.0, 1090530.0, 541110.0, 1359420.0, 1172190.0, 780120.0, 467820.0, 616320.0]"
3321FBL,8a1157ba-b8fc-4a05-9a47-6c63f4ed2005,"[4135260.0, 4078020.0]"
3321FBL,8c7a2f21-ae93-4afc-a62c-e49969b0bbad,"[1100010.0, 338010.0, 244320.0, 866850.0, 1436790.0, 1109850.0, 868020.0, 776550.0, 239310.0, 624120.0]"
3321FBL,8ef28810-cf55-4c6a-9487-55178eab727f,"[266010.0, 1349790.0, 210510.0, 563250.0, 240450.0, 165150.0, 819420.0, 685050.0]"
3321FBL,964fa073-b9dc-4aae-a09e-bec99b26c420,"[525960.0, 367320.0, 1114590.0, 1657200.0, 2374740.0]"
3321FBL,a0788763-3bd2-4720-8865-5f5332cf30a6,"[305310.0, 1974270.0, 1038930.0, 398580.0, 554460.0, 107340.0, 1051860.0, 851430.0, 1495770.0]"
3321FBL,a2bfd344-3b14-462a-82e7-d42aca54a650,"[1007790.0, 270240.0, 157050.0, 215370.0, 585060.0, 872160.0, 1458960.0, 580710.0, 1821390.0]"
3321FBL,a7a50e60-0e5d-4ef5-81a6-3a45d07aa0ee,"[447540.0, 652950.0, 1021650.0, 1650570.0, 1626060.0, 494220.0, 247110.0, 405150.0, 287250.0, 194580.0]"
3321FBL,a8a11526-6b9b-4143-bfb1-ffcae600a17e,"[2110050.0, 741270.0, 510360.0, 775230.0, 635400.0, 483420.0, 1118700.0, 1298430.0, 1190010.0, 1352940.0, 310260.0, 689160.0, 602430.0]"
3321FBL,aa6646e5-861e-4a3b-9e26-64a1f49a0cc5,"[910140.0, 235710.0, 430680.0, 799830.0, 1114200.0, 1294290.0, 1215630.0, 116130.0, 647820.0]"
3321FBL,ad3e8564-6f0a-47c9-90a2-263775928a6c,"[660390.0, 169080.0, 336810.0, 1815930.0, 2080230.0, 739020.0, 689220.0, 220410.0, 662250.0]"
3321FBL,add53270-8ec5-44a9-ba83-48d6583769d5,"[781680.0, 216840.0, 404490.0, 648810.0, 1174770.0, 806520.0, 1453650.0, 997290.0, 441120.0]"
3321FBL,aeec8199-893b-4784-8af9-31ef0f2b9857,"[811230.0, 1434420.0, 1477740.0, 361080.0, 195450.0, 984060.0]"
3321FBL,b303eb0b-ab9f-4205-9395-b765767260f0,"[660180.0, 167610.0, 117840.0, 477390.0, 249240.0, 2551770.0, 238050.0, 834750.0, 910320.0, 262080.0, 775350.0]"
3321FBL,b3f5280d-c680-4542-abe0-1e2a1a71fe8a,"[1654470.0, 1352220.0, 1720860.0, 294750.0, 217980.0]"
3321FBL,b40b6dec-826e-4891-b852-fb32f8802ada,"[656580.0, 122010.0, 322560.0, 363660.0, 264420.0, 500250.0]"
3321FBL,b73d351b-5ee8-4e4b-baf7-10882601f760,"[452760.0, 435090.0, 287220.0, 1063590.0, 241020.0, 202050.0, 453420.0, 707190.0, 391650.0, 601050.0]"
3321FBL,b8109082-8f07-42a4-ab27-2d428a678417,"[877230.0, 432750.0, 1129530.0, 2678070.0, 711150.0, 1013460.0, 780600.0, 1002960.0]"
3321FBL,bafe7676-7c4f-45a4-9c0d-c34153a00076,"[1101270.0, 116010.0, 485550.0, 449790.0, 529950.0, 379680.0, 464580.0, 1068960.0]"
3321FBL,bc87aba4-7ff5-4dec-8717-d3f73e5b67bf,"[650310.0, 433680.0, 575580.0, 261810.0, 825180.0, 408180.0, 328110.0, 416250.0, 574980.0, 184410.0, 179910.0, 700290.0]"
3321FBL,c16022a9-a452-42b9-ac93-9da2ca75a0a9,"[834990.0, 176250.0, 688020.0, 785430.0, 437220.0, 584760.0]"
3321FBL,c2bde931-8396-48f4-b42b-29cf5ec7d4ae,"[173730.0, 730830.0, 79650.0, 149820.0, 862890.0, 898560.0, 859800.0, 1179030.0, 1123530.0, 1453020.0, 822450.0]"
3321FBL,c5e37df4-62f2-47ea-a7d5-c0e5800f8247,"[705000.0, 714990.0, 324450.0, 152040.0, 658620.0, 1198920.0, 1066290.0, 1050360.0, 852660.0, 847290.0, 511560.0, 776280.0]"
3321FBL,c8ebe43a-148b-4db8-b44f-b0bcf14b241e,"[395760.0, 228750.0, 223710.0, 1740540.0, 1421730.0, 1716270.0, 718890.0, 65790.0, 185580.0, 206850.0, 750690.0]"
3321FBL,c983ab1d-9e61-4117-90b3-7de6d5d77607,"[500520.0, 434550.0, 370110.0, 148380.0, 535650.0, 403050.0, 563790.0, 889530.0, 232950.0, 586050.0]"
3321FBL,c9b658fc-7a0c-46d6-b81c-bfb321a39b1c,"[1209570.0, 959520.0, 365310.0, 874920.0, 1252560.0]"
3321FBL,c9deac37-c8cb-45c7-b0b1-71f81aa71835,"[2567550.0, 1106790.0, 1647990.0, 645180.0, 365220.0, 99780.0, 208350.0, 304080.0, 620490.0, 310650.0]"
3321FBL,cb8f3b8a-7943-4c7f-8749-92b4b6313228,"[188340.0, 474150.0, 353820.0, 159480.0, 104640.0, 490380.0, 499710.0, 218340.0, 289440.0, 193140.0, 322380.0]"
3321FBL,cfdac05b-ec01-4a38-a8f1-d8f55ce5f453,"[2210250.0, 1551630.0, 909120.0, 325020.0, 358680.0, 153780.0, 817320.0, 445920.0]"
3321FBL,cfe3f9b5-0b5b-4a0d-9311-1b3ef92261aa,"[554430.0, 1198050.0, 1040250.0, 135540.0, 397320.0, 687660.0, 417420.0, 510390.0]"
3321FBL,d170880e-2bd6-4bfc-9e3b-6eb3b40b4384,"[1047780.0, 1431900.0, 1944750.0, 183780.0, 750690.0, 388350.0, 252510.0, 108780.0, 100080.0, 245310.0, 615180.0]"
3321FBL,d21ee0a0-421b-4fa9-a656-33c8d4a7fb05,"[562170.0, 758490.0, 105510.0, 90840.0, 130680.0, 1292820.0, 1154460.0, 1350060.0, 731400.0, 980730.0, 1471890.0]"
3321FBL,da12ce1a-9c67-4ff9-923e-8dac24549fe3,"[2608530.0, 2212560.0, 958350.0]"
3321FBL,daf9075d-fdfe-456b-8c80-4f5ce35d11ea,"[399030.0, 585150.0, 737520.0, 212880.0, 1239330.0, 560220.0, 246180.0, 544890.0, 199050.0, 538890.0, 550860.0]"
3321FBL,de0b7e1c-aa0a-46d5-82c0-9a38bbc30cbe,"[797280.0, 395910.0, 85740.0, 345450.0, 589680.0, 148140.0, 141540.0, 203310.0, 811620.0]"
3321FBL,e4fe3aec-1b0f-45b6-9921-84f4f7da350e,"[654630.0, 446220.0, 379920.0, 384510.0, 835500.0, 735570.0, 110550.0, 279480.0, 348780.0, 279720.0, 255810.0, 660090.0]"
3321FBL,e7994090-f25d-4c51-af2a-9db9c65cff6f,"[760290.0, 237990.0, 1085460.0, 252780.0, 164940.0, 756690.0, 344280.0, 117180.0, 343950.0, 727860.0]"
3321FBL,ebda61a0-2d8b-4999-a480-8aac6aad374d,"[754470.0, 880740.0, 727170.0, 801990.0, 481980.0, 857130.0, 915870.0]"
3321FBL,ed82dd43-3323-4d9a-b5f8-7efb07f2c76e,"[773970.0, 677820.0, 1745430.0, 168810.0, 1749930.0, 1207800.0, 1010790.0, 301410.0, 387150.0]"
3321FBL,f007019f-866d-48be-a0cb-bd96328ee43b,"[578190.0, 439710.0, 987450.0, 787680.0, 539520.0, 400080.0, 628950.0]"
3321FBL,f0f90050-5a0f-4965-864e-d6bc0d02b5a0,"[130050.0, 424650.0, 329610.0, 608880.0, 1555950.0, 1906500.0, 1217160.0, 1666590.0, 289650.0, 304080.0]"
3321FBL,f34001bf-670e-48ef-b706-535637ee7818,"[929910.0, 898320.0, 908490.0, 1649760.0, 588150.0]"
3321FBL,f4d22ce9-3723-4197-b7a8-67ac3d812383,"[722220.0, 548760.0, 1485060.0, 737550.0, 428850.0, 691290.0, 1020900.0, 553020.0, 597990.0, 1005660.0, 1594800.0]"
3321FBL,f5532e53-1b55-4412-aa91-aed76c9ab80f,"[735030.0, 744450.0, 310050.0, 1516290.0, 1637430.0, 1154850.0, 847230.0, 2109240.0]"
3321FBL,fa23dac3-ff27-474b-8e67-cf65128b6afe,"[530490.0, 279090.0, 278220.0, 50550.0, 196680.0, 326610.0, 274620.0]"
3321FBL,fb468da5-c4f2-41b2-b1b5-d91f3646601f,"[855150.0, 260040.0, 142410.0, 113310.0, 1059570.0, 697890.0, 1441560.0, 393750.0, 753960.0]"
3321FBL,fccbc861-3e31-4e35-b4f3-b0f97e77a2c2,"[3154980.0, 3038130.0]"
3953RLD,007f3d08-14a7-4a93-af9e-f0d9cfbcea94,"[4636050.0, 4524090.0]"
3953RLD,0479683c-5185-4c2a-bb06-2dc0e805eecb,"[800880.0, 930630.0, 262620.0, 605520.0, 264810.0, 1224120.0, 258150.0, 203940.0, 520650.0]"
3953RLD,04e06e2f-d6d4-4364-aedc-d3f98fa1017a,"[456030.0, 477150.0, 305520.0, 353310.0, 564420.0, 900060.0, 874920.0, 484590.0, 519480.0]"
3953RLD,050963e7-113a-4f7f-a21e-a720d8034642,"[1631340.0, 1045950.0, 536490.0, 441750.0, 276390.0, 628650.0]"
3953RLD,09b973fd-ddc3-48a5-8838-6c6e02e14a7f,"[244620.0, 288450.0, 2149200.0, 235380.0, 711390.0, 2502300.0]"
3953RLD,0a0705b9-6b0f-4a69-b25b-668b596041c4,"[659490.0, 66840.0, 206820.0, 555750.0, 159720.0, 485850.0, 882180.0, 832860.0, 491460.0, 537990.0, 570330.0]"
3953RLD,0e431f85-a4c6-4109-ad1b-98f58392816e,"[674850.0, 278580.0, 390120.0]"
3953RLD,173ebd26-a1a9-4798-a4a0-f2b5f763dcae,"[529950.0, 477120.0, 204810.0, 1047450.0, 1609530.0, 2737110.0]"
3953RLD,1a73cac3-f12d-4e06-a215-c69c2a6ea856,"[2860650.0, 2186580.0, 1304970.0, 448020.0]"
3953RLD,2291b8d8-db1c-4320-812f-2a5c06a5291b,"[1640940.0, 1341150.0, 1755930.0, 1923900.0, 1002690.0, 114150.0]"
3953RLD,2f956e3a-25df-4c5e-bb50-92d92dc9ba00,"[666630.0, 391440.0, 302880.0, 805980.0, 684240.0, 149160.0, 1191330.0, 411180.0, 727950.0, 332190.0, 617730.0, 327150.0]"
3953RLD,333c2024-654c-4b7c-8609-fe8412c20b2c,"[190950.0, 1818930.0, 1129980.0, 786720.0, 326250.0, 1755240.0, 291120.0, 598260.0]"
3953RLD,35639c90-2e65-4da6-abb4-9f23ff5e94f0,"[1021350.0, 412980.0, 1200960.0, 1445940.0, 1484400.0, 593850.0, 274050.0, 124680.0, 126240.0, 187350.0, 190650.0]"
3953RLD,3d1c2abc-0431-454a-8f4a-68b4164fdbef,"[3021690.0, 2388570.0, 167880.0, 344280.0, 128340.0, 636150.0]"
3953RLD,40dbae54-8760-404f-a434-2c4bed57c907,"[4676700.0, 4576410.0]"
3953RLD,435ce988-c95d-47ec-a176-4b9a2967d059,"[948690.0, 463410.0, 781590.0, 968760.0, 841590.0, 1617960.0, 1261890.0, 307650.0, 321780.0, 136680.0, 260280.0]"
3953RLD,45c9a42a-7cb5-4266-b0aa-a05b3f446390,"[551160.0, 225900.0, 463800.0, 1272300.0, 949230.0, 1386120.0, 931410.0, 417090.0, 273120.0, 444690.0]"
3953RLD,48959867-c32b-4c58-8806-f0e50fd68a93,"[141600.0, 4389750.0, 3632640.0, 812790.0]"
3953RLD,4a5ab221-44c2-4c15-beff-aca1fc357c3a,"[500550.0, 307080.0, 605880.0, 346980.0, 675090.0, 490920.0, 304740.0, 836250.0, 437250.0, 61470.0, 701820.0]"
3953RLD,50951384-0816-4303-afbb-49a9582ab1d4,"[379050.0, 439980.0, 239010.0, 512550.0, 519150.0, 782790.0, 188550.0, 183510.0, 282780.0, 118080.0, 417180.0, 544860.0]"
3953RLD,54cfa245-a633-4505-86a5-e47ef018fb8c,"[551490.0, 236850.0, 370680.0, 730710.0, 460350.0, 941520.0, 175590.0, 483390.0, 502950.0, 785190.0]"
3953RLD,5817b5aa-56fb-413f-be71-27dcce8adca3,"[1790310.0, 131790.0, 682500.0, 117720.0, 2398170.0, 291480.0, 1196730.0, 724140.0, 564690.0]"
3953RLD,5a1f0e34-a19a-43ef-812c-050da6ac6d27,"[803160.0, 480720.0, 1887900.0, 2045940.0, 2401500.0, 572400.0, 625980.0, 295080.0, 670020.0]"
3953RLD,5bc23801-c7da-43be-80d1-70bf84a82d17,"[917610.0, 634290.0, 308190.0, 608550.0, 301050.0, 449280.0, 1812330.0]"
3953RLD,5d239b9a-3bac-46bd-b19a-7ef590c0a2db,"[1119480.0, 253650.0, 313380.0, 268710.0, 357630.0, 215880.0, 382890.0, 320550.0, 512580.0, 131640.0, 905820.0]"
3953RLD,640d734e-c3ae-4c53-a3a9-e2f87067343b,"[1823400.0, 729420.0, 205710.0, 407850.0, 315150.0, 1275930.0, 894060.0]"
3953RLD,6deec7b7-6c11-418c-a1bd-f99a9e3261b6,"[953670.0, 1140060.0, 649920.0, 575580.0, 281850.0, 184980.0, 656190.0, 1163460.0, 688920.0, 83610.0, 650280.0, 474960.0]"
3953RLD,6f5b7b1e-74c4-4c9a-a3b0-cb32fa412dec,"[468870.0, 225450.0, 574320.0, 285210.0, 266910.0, 1002660.0, 885030.0, 972120.0, 1169460.0, 914820.0, 184050.0, 330150.0, 848820.0]"
3953RLD,76cb2988-3a44-44bf-8cd6-91f93dc68270,"[848160.0, 947730.0, 483030.0, 776250.0, 340650.0, 490380.0]"
3953RLD,77227d86-31d7-4575-b55c-c88e6e389c0e,"[1141350.0, 437550.0, 380850.0, 317280.0, 322980.0, 310710.0, 447150.0, 348210.0, 457890.0]"
3953RLD,7a380404-da50-4a66-8ce4-47865698ad1b,"[1562040.0, 887520.0, 80220.0, 100410.0, 789090.0, 744600.0, 603360.0, 639360.0]"
3953RLD,7ab9795c-ae20-467b-a4b3-2dd62077bcf5,"[1837530.0, 2051490.0, 1035420.0, 652950.0, 1335960.0]"
3953RLD,7e1b471d-ff00-43de-b527-ce2871f8e74f,"[362400.0, 821220.0, 1097190.0, 682350.0, 1229400.0, 423390.0, 119880.0, 327720.0, 800430.0, 46080.0, 142380.0, 113610.0, 595890.0]"
3953RLD,81acb266-ab82-497b-92d9-fae490cc4823,"[2542680.0, 1836300.0, 1451190.0, 253380.0]"
3953RLD,83317ce9-22cf-4007-9aeb-0b1bb34e3229,"[2245740.0, 2282700.0]"
3953RLD,864bd9f3-074d-45e8-a032-5a01237ae290,"[189510.0, 138930.0, 783000.0, 94560.0, 471180.0, 418050.0, 639090.0, 402330.0, 1107750.0, 226080.0, 520560.0]"
3953RLD,87cbff75-1caa-4068-a786-21468b9488b8,"[255270.0, 731820.0, 1062360.0, 1275120.0, 1028790.0, 333420.0, 326250.0, 418620.0]"
3953RLD,89e2794a-f385-45c2-a9be-d8cb5f293c72,"[4322940.0, 4299150.0]"
3953RLD,8a1157ba-b8fc-4a05-9a47-6c63f4ed2005,"[1697010.0, 201180.0, 956430.0, 217980.0, 1732500.0, 1122960.0, 328320.0, 1050930.0, 211680.0, 972330.0]"
3953RLD,8c7a2f21-ae93-4afc-a62c-e49969b0bbad,"[442920.0, 258210.0, 227250.0, 216240.0, 338010.0, 179250.0, 390480.0, 341310.0, 383610.0, 958890.0, 1626870.0, 2017560.0, 541230.0]"
3953RLD,8ef28810-cf55-4c6a-9487-55178eab727f,"[422040.0, 465090.0, 230580.0, 444450.0, 718020.0, 701760.0, 849720.0]"
3953RLD,91133857-fade-412b-859b-901e50aa2236,"[744150.0, 282480.0, 606390.0, 753690.0, 879000.0, 968790.0, 1660890.0, 757950.0]"
3953RLD,964fa073-b9dc-4aae-a09e-bec99b26c420,"[323880.0, 238080.0, 545340.0, 352440.0, 380550.0, 304080.0, 622980.0, 603960.0, 248280.0, 387420.0, 1226520.0, 452550.0]"
3953RLD,a7a50e60-0e5d-4ef5-81a6-3a45d07aa0ee,"[249390.0, 519090.0, 386850.0, 270810.0, 444660.0, 205620.0, 43470.0, 195420.0, 213750.0, 571020.0, 831180.0, 624930.0]"
3953RLD,aa6646e5-861e-4a3b-9e26-64a1f49a0cc5,"[3299370.0, 3337680.0]"
3953RLD,ad3e8564-6f0a-47c9-90a2-263775928a6c,"[446850.0, 262680.0, 224580.0, 382350.0, 242850.0, 1947300.0, 1326360.0, 921120.0, 349650.0, 182940.0]"
3953RLD,add53270-8ec5-44a9-ba83-48d6583769d5,"[707190.0, 455220.0, 598650.0, 188250.0, 413850.0, 455310.0, 170310.0, 68550.0, 244680.0, 565290.0, 161850.0]"
3953RLD,b303eb0b-ab9f-4205-9395-b765767260f0,"[554850.0, 423390.0, 66810.0, 499320.0, 815850.0, 300150.0, 307050.0, 405120.0, 184410.0, 537750.0, 1573950.0, 1436220.0]"
3953RLD,b3f5280d-c680-4542-abe0-1e2a1a71fe8a,"[1233390.0, 1475100.0, 295380.0, 427350.0, 442620.0, 587580.0, 520920.0, 248580.0]"
3953RLD,b40b6dec-826e-4891-b852-fb32f8802ada,"[2208870.0, 172710.0, 141750.0, 1518900.0, 856080.0, 229350.0, 1735500.0, 1852800.0, 138390.0, 291780.0, 815520.0, 677670.0]"
3953RLD,b8109082-8f07-42a4-ab27-2d428a678417,"[1036710.0, 511320.0, 295500.0, 670020.0, 678690.0, 945720.0, 480690.0, 768630.0, 1905840.0, 369690.0, 629250.0]"
3953RLD,bafe7676-7c4f-45a4-9c0d-c34153a00076,"[153840.0, 2429100.0, 2482200.0]"
3953RLD,bc87aba4-7ff5-4dec-8717-d3f73e5b67bf,"[2153520.0, 1695360.0, 703950.0]"
3953RLD,c16022a9-a452-42b9-ac93-9da2ca75a0a9,"[515610.0, 220350.0, 41280.0, 336720.0, 586260.0, 126840.0, 61620.0, 136710.0, 627390.0, 726330.0, 1262520.0, 2152140.0, 819690.0, 1179630.0]"
3953RLD,c2c558ad-2855-4f41-b26a-3cfd276f439a,"[28950.0, 2315430.0, 2311530.0]"
3953RLD,c5e37df4-62f2-47ea-a7d5-c0e5800f8247,"[4713150.0, 4703220.0]"
3953RLD,c8ebe43a-148b-4db8-b44f-b0bcf14b241e,"[458280.0, 344160.0, 607890.0, 781200.0, 804990.0, 225750.0, 698190.0, 575760.0, 270270.0, 960090.0, 865050.0, 638520.0]"
3953RLD,c9b658fc-7a0c-46d6-b81c-bfb321a39b1c,"[916890.0, 739860.0, 1004490.0, 249480.0, 1779660.0]"
3953RLD,c9deac37-c8cb-45c7-b0b1-71f81aa71835,"[770160.0, 187590.0, 880020.0, 847080.0, 702660.0, 687030.0, 326250.0, 274920.0, 287580.0, 398250.0, 111210.0]"
3953RLD,cb6a8d9e-c533-41bd-972d-871d80028307,"[346260.0, 561780.0, 345420.0, 1538460.0, 2054580.0]"
3953RLD,cb8f3b8a-7943-4c7f-8749-92b4b6313228,"[829770.0, 131880.0, 493680.0, 571290.0, 527550.0, 421980.0, 234150.0, 771450.0, 226080.0, 847320.0, 1108620.0]"
3953RLD,cfdac05b-ec01-4a38-a8f1-d8f55ce5f453,"[480120.0, 685560.0, 2476830.0, 3342510.0]"
3953RLD,cfe3f9b5-0b5b-4a0d-9311-1b3ef92261aa,"[2625720.0, 2702340.0]"
3953RLD,d170880e-2bd6-4bfc-9e3b-6eb3b40b4384,"[3752790.0, 3827610.0]"
3953RLD,d17da1f8-a5a6-4614-a067-6feb96b2b611,"[1419870.0, 468810.0, 186540.0, 489510.0, 757620.0]"
3953RLD,d8e2d2b5-2bb8-437f-9493-b078926a19a4,"[3219090.0, 3133590.0]"
3953RLD,da12ce1a-9c67-4ff9-923e-8dac24549fe3,"[553410.0, 236850.0, 117840.0, 285990.0, 160410.0, 702300.0, 516450.0, 762420.0, 1066800.0]"
3953RLD,daf9075d-fdfe-456b-8c80-4f5ce35d11ea,"[754470.0, 307020.0, 613050.0, 948660.0, 104310.0, 925290.0, 363420.0, 404550.0, 325380.0, 152880.0, 488820.0]"
3953RLD,de0b7e1c-aa0a-46d5-82c0-9a38bbc30cbe,"[2289900.0, 1443240.0, 205650.0, 1082550.0, 179010.0]"
3953RLD,e33505ca-bfdb-496f-bcfd-b8b913a42637,"[204930.0, 595050.0, 71910.0, 391380.0, 690720.0, 421050.0, 543180.0, 153120.0, 1107390.0, 695220.0, 1174860.0, 653250.0, 288480.0, 401880.0, 631650.0]"
3953RLD,e7994090-f25d-4c51-af2a-9db9c65cff6f,"[1693500.0, 812220.0, 2246130.0]"
3953RLD,ebda61a0-2d8b-4999-a480-8aac6aad374d,"[2675070.0, 2647020.0]"
3953RLD,ed82dd43-3323-4d9a-b5f8-7efb07f2c76e,"[992700.0, 568830.0, 1106520.0, 435720.0, 479280.0, 313980.0, 389010.0, 1109730.0, 659850.0, 1022160.0, 874020.0]"
3953RLD,f007019f-866d-48be-a0cb-bd96328ee43b,"[1108170.0, 313350.0, 224910.0, 587580.0, 323310.0, 122280.0, 326610.0, 373380.0]"
3953RLD,fa23dac3-ff27-474b-8e67-cf65128b6afe,"[2179140.0, 740790.0, 115440.0, 1551660.0, 1288800.0, 134340.0, 333120.0]"
3953RLD,fb468da5-c4f2-41b2-b1b5-d91f3646601f,"[819000.0, 1029390.0, 622380.0, 981780.0, 145620.0, 346380.0, 812790.0]"
3953RLD,fccbc861-3e31-4e35-b4f3-b0f97e77a2c2,"[388590.0, 676890.0, 723150.0, 917250.0, 159180.0, 874620.0, 171180.0, 550350.0, 518190.0]"
3953RLD,fea13535-ade6-4215-96ca-dab5b4ef309b,"[252840.0, 801060.0, 310980.0, 583290.0, 210720.0, 940290.0, 1059000.0, 817440.0, 617490.0, 210810.0, 1053030.0]"
5030LXK,007f3d08-14a7-4a93-af9e-f0d9cfbcea94,"[231120.0, 1811130.0, 1950900.0, 1300470.0, 2418600.0, 766950.0]"
5030LXK,0479683c-5185-4c2a-bb06-2dc0e805eecb,"[641640.0, 238380.0, 656280.0, 849150.0, 842850.0, 1253430.0, 435150.0, 146310.0]"
5030LXK,04e06e2f-d6d4-4364-aedc-d3f98fa1017a,"[1080390.0, 1492500.0, 1763100.0, 838320.0, 2040900.0]"
5030LXK,050963e7-113a-4f7f-a21e-a720d8034642,"[2142660.0, 913470.0, 2429130.0]"
5030LXK,09b973fd-ddc3-48a5-8838-6c6e02e14a7f,"[4890870.0, 4880880.0]"
5030LXK,0a0705b9-6b0f-4a69-b25b-668b596041c4,"[2467740.0, 922800.0, 1406430.0, 1161720.0]"
5030LXK,0f8f5823-99dc-4511-9951-c9f6b4c8696e,"[2305020.0, 994320.0, 1533000.0, 1141200.0, 720090.0, 274860.0, 1032030.0]"
5030LXK,1a73cac3-f12d-4e06-a215-c69c2a6ea856,"[665880.0, 26550.0, 144180.0, 173250.0, 389190.0, 365550.0]"
5030LXK,2291b8d8-db1c-4320-812f-2a5c06a5291b,"[669000.0, 3427680.0, 2531100.0, 1062120.0, 623190.0]"
5030LXK,2f956e3a-25df-4c5e-bb50-92d92dc9ba00,"[5623440.0, 5606940.0]"
5030LXK,333c2024-654c-4b7c-8609-fe8412c20b2c,"[1022850.0, 2076630.0, 1027950.0, 951120.0, 774330.0, 240480.0, 190110.0, 659220.0, 257850.0]"
5030LXK,3639f918-671b-4d85-a9d9-a4740ab1d1a0,"[852180.0, 272280.0, 544590.0, 574980.0, 546750.0, 281550.0, 231480.0, 433050.0]"
5030LXK,381d92f4-7695-46c2-aff1-49c5abb0723b,"[1809150.0, 972960.0, 407220.0, 672150.0, 589050.0, 657810.0, 184440.0, 388110.0]"
5030LXK,3d1c2abc-0431-454a-8f4a-68b4164fdbef,"[338100.0, 486510.0, 468420.0, 958620.0, 536550.0, 1141920.0, 1320630.0, 1442850.0, 435480.0, 774150.0]"
5030LXK,40dbae54-8760-404f-a434-2c4bed57c907,"[969900.0, 285210.0, 403950.0, 114750.0, 71640.0, 489750.0, 296310.0]"
5030LXK,435ce988-c95d-47ec-a176-4b9a2967d059,"[3894390.0, 3972270.0]"
5030LXK,45c9a42a-7cb5-4266-b0aa-a05b3f446390,"[469590.0, 556800.0, 2140470.0, 956700.0, 498150.0, 2066520.0]"
5030LXK,48959867-c32b-4c58-8806-f0e50fd68a93,"[422700.0, 277350.0, 491580.0, 585420.0, 862620.0]"
5030LXK,54cfa245-a633-4505-86a5-e47ef018fb8c,"[197430.0, 448950.0, 650880.0, 512220.0, 52680.0, 771990.0, 1213320.0]"
5030LXK,5817b5aa-56fb-413f-be71-27dcce8adca3,"[1715370.0, 1270620.0, 1318530.0, 1107630.0, 2561040.0]"
5030LXK,5a1f0e34-a19a-43ef-812c-050da6ac6d27,"[659100.0, 614010.0, 1247100.0, 541380.0, 1269480.0, 289890.0, 554880.0, 117720.0]"
5030LXK,5bc23801-c7da-43be-80d1-70bf84a82d17,"[911340.0, 430110.0, 1128930.0, 966750.0, 1578360.0]"
5030LXK,5bd040a5-cf27-4ffd-af6a-4afa44a7eecc,"[2402160.0, 1746000.0, 270150.0, 698670.0]"
5030LXK,640d734e-c3ae-4c53-a3a9-e2f87067343b,"[2336040.0, 2253030.0]"
5030LXK,6deec7b7-6c11-418c-a1bd-f99a9e3261b6,"[4120200.0, 4051710.0]"
5030LXK,6f5b7b1e-74c4-4c9a-a3b0-cb32fa412dec,"[5697630.0, 5545890.0]"
5030LXK,77227d86-31d7-4575-b55c-c88e6e389c0e,"[515130.0, 2163210.0, 1460190.0, 1324470.0, 563850.0, 522330.0]"
5030LXK,7a380404-da50-4a66-8ce4-47865698ad1b,"[624810.0, 384900.0, 486120.0, 148590.0, 862560.0]"
5030LXK,7ab9795c-ae20-467b-a4b3-2dd62077bcf5,"[591300.0, 1277760.0, 1188090.0, 433710.0, 664620.0, 311910.0, 281610.0, 614310.0]"
5030LXK,7b2a7ee6-05a9-4a7b-bda0-a089ee2d58ec,"[4726560.0, 4637010.0]"
5030LXK,7e1b471d-ff00-43de-b527-ce2871f8e74f,"[957960.0, 116610.0, 332010.0, 931080.0, 574560.0, 1517490.0, 663390.0, 1414560.0]"
5030LXK,8355efb1-34cf-4d53-b85a-535990793ffc,"[1733550.0, 584310.0, 345180.0, 468120.0, 761760.0, 199620.0, 656130.0, 866160.0, 201960.0]"
5030LXK,864bd9f3-074d-45e8-a032-5a01237ae290,"[780120.0, 775770.0, 520710.0, 727320.0, 688620.0, 1023240.0, 322320.0, 609150.0]"
5030LXK,89e2794a-f385-45c2-a9be-d8cb5f293c72,"[1347540.0, 323910.0, 715590.0, 607320.0, 765420.0, 202080.0, 135510.0, 217800.0, 410550.0]"
5030LXK,8a1157ba-b8fc-4a05-9a47-6c63f4ed2005,"[4195440.0, 4004010.0]"
5030LXK,8c7a2f21-ae93-4afc-a62c-e49969b0bbad,"[910710.0, 401850.0, 388950.0, 577050.0, 1686630.0, 721320.0, 1914960.0]"
5030LXK,8ef28810-cf55-4c6a-9487-55178eab727f,"[737490.0, 274650.0, 517350.0, 269310.0, 480960.0, 595350.0]"
5030LXK,91133857-fade-412b-859b-901e50aa2236,"[192630.0, 1543890.0, 1059960.0, 1292160.0, 1839060.0, 835560.0, 445620.0]"
5030LXK,964fa073-b9dc-4aae-a09e-bec99b26c420,"[886350.0, 378060.0, 1683990.0, 575520.0, 1310850.0, 665190.0, 963030.0]"
5030LXK,a0788763-3bd2-4720-8865-5f5332cf30a6,"[391740.0, 48480.0, 170580.0, 3072060.0, 2920500.0, 760950.0, 407580.0]"
5030LXK,a7a50e60-0e5d-4ef5-81a6-3a45d07aa0ee,"[363930.0, 1393590.0, 545280.0, 853950.0, 1884360.0, 726450.0, 1441830.0]"
5030LXK,a8a11526-6b9b-4143-bfb1-ffcae600a17e,"[661650.0, 451470.0, 275670.0, 132210.0, 1157340.0, 1436160.0, 1844160.0, 199050.0, 482280.0]"
5030LXK,aa6646e5-861e-4a3b-9e26-64a1f49a0cc5,"[665970.0, 424710.0, 282510.0, 480990.0, 672150.0, 824190.0, 526020.0, 547020.0]"
5030LXK,ad3e8564-6f0a-47c9-90a2-263775928a6c,"[1692030.0, 714390.0, 1339230.0, 880860.0, 1326690.0, 623580.0, 857850.0]"
5030LXK,add53270-8ec5-44a9-ba83-48d6583769d5,"[1329870.0, 184710.0, 2176500.0, 1970730.0, 740250.0]"
5030LXK,b303eb0b-ab9f-4205-9395-b765767260f0,"[3760620.0, 3708240.0]"
5030LXK,b40b6dec-826e-4891-b852-fb32f8802ada,"[632400.0, 923250.0, 99180.0, 712530.0, 631290.0, 1315770.0, 718890.0]"
5030LXK,b73d351b-5ee8-4e4b-baf7-10882601f760,"[794730.0, 1201110.0, 58890.0, 675660.0, 534000.0, 1613190.0, 1793370.0, 1519980.0, 830310.0]"
5030LXK,bafe7676-7c4f-45a4-9c0d-c34153a00076,"[2449320.0, 1363020.0, 874320.0, 772950.0]"
5030LXK,bc87aba4-7ff5-4dec-8717-d3f73e5b67bf,"[1267320.0, 363210.0, 1340130.0, 265080.0, 1386420.0, 1321800.0]"
5030LXK,c2bde931-8396-48f4-b42b-29cf5ec7d4ae,"[782250.0, 219780.0, 330180.0, 259230.0, 914460.0, 1446240.0, 2190540.0]"
5030LXK,c2c558ad-2855-4f41-b26a-3cfd276f439a,"[2211780.0, 1957890.0, 225510.0]"
5030LXK,c5e37df4-62f2-47ea-a7d5-c0e5800f8247,"[1418760.0, 798750.0, 1646340.0, 645780.0, 1302030.0, 381360.0, 1424460.0, 138210.0]"
5030LXK,c983ab1d-9e61-4117-90b3-7de6d5d77607,"[190290.0, 4642170.0, 4525920.0, 224280.0]"
5030LXK,c9b658fc-7a0c-46d6-b81c-bfb321a39b1c,"[2410110.0, 149310.0, 2349600.0]"
5030LXK,c9deac37-c8cb-45c7-b0b1-71f81aa71835,"[602970.0, 583380.0, 853590.0, 1128060.0, 55080.0, 454290.0]"
5030LXK,cb6a8d9e-c533-41bd-972d-871d80028307,"[2010150.0, 1467270.0, 555780.0, 989220.0, 201990.0]"
5030LXK,cb8f3b8a-7943-4c7f-8749-92b4b6313228,"[3790860.0, 2561460.0, 477450.0, 1126260.0, 231420.0, 882090.0]"
5030LXK,cfdac05b-ec01-4a38-a8f1-d8f55ce5f453,"[1321830.0, 1562460.0, 1685250.0, 1480500.0, 502980.0, 349980.0, 353160.0, 313320.0, 380280.0]"
5030LXK,d170880e-2bd6-4bfc-9e3b-6eb3b40b4384,"[1168740.0, 186510.0, 3089490.0, 1035630.0, 1782030.0, 496080.0, 475050.0]"
5030LXK,d21ee0a0-421b-4fa9-a656-33c8d4a7fb05,"[1566690.0, 851520.0, 852270.0, 1333260.0, 1566060.0, 1381740.0, 1228770.0]"
5030LXK,d8e2d2b5-2bb8-437f-9493-b078926a19a4,"[2174940.0, 306240.0, 1540230.0, 684720.0, 589230.0, 766560.0]"
5030LXK,da12ce1a-9c67-4ff9-923e-8dac24549fe3,"[1153020.0, 1477380.0, 1223190.0, 1361760.0, 883590.0, 802020.0]"
5030LXK,de0b7e1c-aa0a-46d5-82c0-9a38bbc30cbe,"[1727520.0, 2013060.0, 959190.0, 888900.0, 792120.0, 705060.0, 745860.0]"
5030LXK,e4fe3aec-1b0f-45b6-9921-84f4f7da350e,"[4821270.0, 4637010.0]"
5030LXK,e7994090-f25d-4c51-af2a-9db9c65cff6f,"[2253030.0, 1826400.0, 571320.0]"
5030LXK,ebda61a0-2d8b-4999-a480-8aac6aad374d,"[721440.0, 223350.0, 246630.0, 352320.0, 582720.0, 366690.0, 557400.0, 369840.0]"
5030LXK,ed82dd43-3323-4d9a-b5f8-7efb07f2c76e,"[4575810.0, 4353360.0, 108480.0]"
5030LXK,f0f90050-5a0f-4965-864e-d6bc0d02b5a0,"[6286530.0, 6144450.0]"
5030LXK,f34001bf-670e-48ef-b706-535637ee7818,"[682080.0, 503850.0, 1723830.0, 2102760.0]"
5030LXK,f4d22ce9-3723-4197-b7a8-67ac3d812383,"[412920.0, 857460.0, 1671390.0, 3297240.0, 1956360.0, 265050.0, 628650.0, 869790.0]"
5030LXK,f5532e53-1b55-4412-aa91-aed76c9ab80f,"[1967160.0, 161580.0, 686580.0, 3257760.0, 1110240.0, 1693770.0, 470430.0, 257910.0]"
5030LXK,fb468da5-c4f2-41b2-b1b5-d91f3646601f,"[2481480.0, 1994700.0, 291510.0]"
5030LXK,fccbc861-3e31-4e35-b4f3-b0f97e77a2c2,"[1699650.0, 1161720.0, 206910.0, 1283160.0, 945750.0, 1038120.0]"
5534TPH,007f3d08-14a7-4a93-af9e-f0d9cfbcea94,"[791640.0, 618480.0, 894330.0, 827790.0, 591450.0, 640920.0, 371010.0, 824220.0, 366510.0, 1029390.0, 353250.0, 610560.0]"
5534TPH,0479683c-5185-4c2a-bb06-2dc0e805eecb,"[236190.0, 1749060.0, 659580.0, 472050.0, 1728420.0, 245310.0, 202140.0, 61980.0, 256740.0]"
5534TPH,04e06e2f-d6d4-4364-aedc-d3f98fa1017a,"[925950.0, 309420.0, 463920.0, 620250.0, 562950.0, 918090.0, 1161360.0, 997890.0, 1298130.0]"
5534TPH,050963e7-113a-4f7f-a21e-a720d8034642,"[641730.0, 586320.0, 495150.0, 638520.0, 188550.0, 1283130.0, 540330.0, 175320.0, 895020.0]"
5534TPH,09b973fd-ddc3-48a5-8838-6c6e02e14a7f,"[970740.0, 365880.0, 422010.0, 603120.0, 87210.0, 516180.0, 803250.0, 669450.0, 380250.0, 842220.0, 965460.0, 493350.0]"
5534TPH,0a0705b9-6b0f-4a69-b25b-668b596041c4,"[191910.0, 1841220.0, 972090.0, 1016190.0, 767430.0, 1030950.0, 203880.0]"
5534TPH,0e431f85-a4c6-4109-ad1b-98f58392816e,"[341370.0, 448320.0, 367710.0, 609660.0, 656760.0, 449220.0, 513180.0, 685020.0, 360420.0, 188940.0, 372930.0, 205080.0]"
5534TPH,0f8f5823-99dc-4511-9951-c9f6b4c8696e,"[373410.0, 147210.0, 380880.0, 271110.0, 256590.0, 356280.0, 851220.0, 1808700.0, 1272060.0, 725550.0, 338610.0, 333390.0, 465150.0]"
5534TPH,173ebd26-a1a9-4798-a4a0-f2b5f763dcae,"[1041630.0, 1198620.0, 2129190.0, 1520760.0, 786420.0]"
5534TPH,1a73cac3-f12d-4e06-a215-c69c2a6ea856,"[394710.0, 190380.0, 249420.0, 439380.0, 1305330.0, 971970.0, 471150.0, 1379520.0, 724710.0, 603390.0, 440190.0, 468930.0]"
5534TPH,2291b8d8-db1c-4320-812f-2a5c06a5291b,"[338850.0, 139950.0, 444660.0, 1840830.0, 703410.0, 1304130.0, 624690.0, 733590.0, 548820.0, 1027500.0]"
5534TPH,27f24f6d-599b-4857-9213-0b2170055034,"[457680.0, 416850.0, 428580.0, 343740.0, 550050.0, 937860.0, 295080.0, 384390.0, 519180.0, 527220.0, 238380.0]"
5534TPH,2f956e3a-25df-4c5e-bb50-92d92dc9ba00,"[409050.0, 193680.0, 294990.0, 212280.0, 670320.0, 1104870.0, 2359140.0, 2993550.0, 1757010.0, 86070.0, 295230.0, 274650.0]"
5534TPH,333c2024-654c-4b7c-8609-fe8412c20b2c,"[799890.0, 478620.0, 163950.0, 91920.0, 861450.0, 429150.0, 578250.0, 914190.0, 667050.0, 311220.0, 564120.0, 231510.0, 196950.0]"
5534TPH,35639c90-2e65-4da6-abb4-9f23ff5e94f0,"[1517940.0, 754320.0, 1138770.0, 1543290.0, 1486230.0]"
5534TPH,3639f918-671b-4d85-a9d9-a4740ab1d1a0,"[1455960.0, 325080.0, 158010.0, 83880.0, 942960.0, 2057460.0]"
5534TPH,381d92f4-7695-46c2-aff1-49c5abb0723b,"[333930.0, 517680.0, 1903530.0, 1158090.0, 455280.0, 580380.0, 407610.0, 425880.0, 95010.0, 403350.0, 475020.0]"
5534TPH,3d1c2abc-0431-454a-8f4a-68b4164fdbef,"[195510.0, 1240290.0, 334380.0, 1313160.0, 1588200.0, 1927800.0, 475050.0]"
5534TPH,40dbae54-8760-404f-a434-2c4bed57c907,"[955020.0, 263610.0, 1235190.0, 1980660.0, 1484520.0, 1302360.0, 1888200.0, 608250.0]"
5534TPH,435ce988-c95d-47ec-a176-4b9a2967d059,"[1046760.0, 1030920.0, 893220.0, 493320.0, 613350.0, 694320.0, 180480.0]"
5534TPH,45c9a42a-7cb5-4266-b0aa-a05b3f446390,"[1078080.0, 96660.0, 546630.0, 132180.0, 141000.0, 401220.0, 388620.0, 345630.0]"
5534TPH,48959867-c32b-4c58-8806-f0e50fd68a93,"[371070.0, 724950.0, 1019250.0, 3374700.0, 2373930.0, 54240.0, 383490.0, 838890.0, 391890.0, 329880.0]"
5534TPH,4a5ab221-44c2-4c15-beff-aca1fc357c3a,"[1685550.0, 904260.0, 1845990.0, 512280.0, 714690.0]"
5534TPH,50951384-0816-4303-afbb-49a9582ab1d4,"[900600.0, 1292190.0, 716490.0, 1517790.0, 763590.0, 585360.0, 505350.0, 94710.0, 380880.0]"
5534TPH,54cfa245-a633-4505-86a5-e47ef018fb8c,"[1180800.0, 976590.0, 673080.0, 768960.0, 862020.0, 120780.0, 75240.0, 612750.0, 1303590.0]"
5534TPH,5817b5aa-56fb-413f-be71-27dcce8adca3,"[4112790.0, 4003890.0]"
5534TPH,5a1f0e34-a19a-43ef-812c-050da6ac6d27,"[814290.0, 3490980.0, 2568330.0, 1307760.0, 396180.0, 145080.0, 252750.0, 306270.0, 251520.0]"
5534TPH,5bc23801-c7da-43be-80d1-70bf84a82d17,"[498150.0, 528720.0, 503280.0, 445080.0, 1016490.0, 685020.0, 216210.0, 237780.0]"
5534TPH,5bd040a5-cf27-4ffd-af6a-4afa44a7eecc,"[1681920.0, 797520.0, 340920.0, 1382130.0, 153750.0, 266280.0, 383820.0]"
5534TPH,5d239b9a-3bac-46bd-b19a-7ef590c0a2db,"[528090.0, 1992900.0, 2294130.0, 733050.0, 290910.0, 294150.0]"
5534TPH,640d734e-c3ae-4c53-a3a9-e2f87067343b,"[447900.0, 655320.0, 662790.0, 1095390.0, 899220.0, 335910.0, 167850.0, 1221690.0]"
5534TPH,6deec7b7-6c11-418c-a1bd-f99a9e3261b6,"[528360.0, 498810.0, 516810.0, 588810.0, 1041120.0, 1736460.0, 842820.0, 326280.0, 677820.0, 820020.0]"
5534TPH,6f5b7b1e-74c4-4c9a-a3b0-cb32fa412dec,"[2439060.0, 2721510.0, 2357670.0, 1723230.0, 124110.0, 116610.0, 1671300.0]"
5534TPH,76cb2988-3a44-44bf-8cd6-91f93dc68270,"[646560.0, 373980.0, 502860.0, 364920.0, 537120.0, 517350.0, 208080.0, 728130.0]"
5534TPH,77227d86-31d7-4575-b55c-c88e6e389c0e,"[791190.0, 377580.0, 831420.0, 828960.0, 198780.0, 880920.0, 896520.0, 801720.0, 498720.0, 291090.0, 445620.0]"
5534TPH,7a380404-da50-4a66-8ce4-47865698ad1b,"[2334510.0, 774330.0, 1035750.0, 1475970.0]"
5534TPH,7ab9795c-ae20-467b-a4b3-2dd62077bcf5,"[666360.0, 1076460.0, 640860.0, 1106820.0, 1444200.0, 964560.0, 658920.0, 497580.0, 804720.0]"
5534TPH,7b2a7ee6-05a9-4a7b-bda0-a089ee2d58ec,"[1428390.0, 487950.0, 578730.0, 1356930.0, 583320.0, 1763790.0, 801120.0, 542430.0, 377220.0, 455850.0]"
5534TPH,7e1b471d-ff00-43de-b527-ce2871f8e74f,"[233760.0, 568290.0, 729990.0, 2275830.0, 291420.0, 2430240.0]"
5534TPH,81acb266-ab82-497b-92d9-fae490cc4823,"[382320.0, 981390.0, 1023690.0, 1913760.0, 1914930.0, 504810.0, 264480.0, 138180.0]"
5534TPH,83317ce9-22cf-4007-9aeb-0b1bb34e3229,"[275910.0, 459480.0, 151020.0, 1136160.0, 1047660.0, 391290.0, 415680.0, 739290.0]"
5534TPH,8355efb1-34cf-4d53-b85a-535990793ffc,"[278220.0, 699030.0, 555570.0, 797790.0, 317160.0, 1708740.0, 1940670.0, 51990.0, 729720.0, 76350.0, 973290.0, 1025070.0, 636660.0, 405420.0, 257760.0]"
5534TPH,864bd9f3-074d-45e8-a032-5a01237ae290,"[2294670.0, 1886550.0, 152790.0, 157350.0, 378600.0]"
5534TPH,87cbff75-1caa-4068-a786-21468b9488b8,"[163440.0, 2186100.0, 1403670.0, 359220.0, 1318770.0]"
5534TPH,89e2794a-f385-45c2-a9be-d8cb5f293c72,"[2557200.0, 1686360.0, 2350470.0, 793920.0, 1475790.0]"
5534TPH,8a1157ba-b8fc-4a05-9a47-6c63f4ed2005,"[77190.0, 1191060.0, 1272420.0, 1071600.0, 416220.0, 969090.0, 124980.0, 1641030.0, 589830.0, 250650.0, 813390.0]"
5534TPH,8c7a2f21-ae93-4afc-a62c-e49969b0bbad,"[1081710.0, 235080.0, 345480.0, 168780.0, 579180.0, 2919930.0, 3564210.0]"
5534TPH,8ef28810-cf55-4c6a-9487-55178eab727f,"[2274930.0, 420390.0, 250140.0, 2190360.0]"
5534TPH,91133857-fade-412b-859b-901e50aa2236,"[1585650.0, 1533660.0, 1632420.0, 784080.0, 1486230.0]"
5534TPH,a2bfd344-3b14-462a-82e7-d42aca54a650,"[249960.0, 921780.0, 477330.0, 756990.0, 1038840.0, 293190.0, 826410.0, 221790.0, 1390590.0, 115260.0]"
5534TPH,a7a50e60-0e5d-4ef5-81a6-3a45d07aa0ee,"[511380.0, 2006160.0, 217980.0, 142740.0, 342780.0, 1645260.0, 394380.0, 620550.0, 208080.0, 198480.0, 208140.0, 885090.0]"
5534TPH,a8a11526-6b9b-4143-bfb1-ffcae600a17e,"[243360.0, 288480.0, 755730.0, 372690.0, 785520.0, 214590.0, 2734110.0, 3134610.0, 1908870.0, 919890.0, 692550.0, 849900.0]"
5534TPH,aa6646e5-861e-4a3b-9e26-64a1f49a0cc5,"[638130.0, 291480.0, 473220.0, 111810.0, 293880.0, 519990.0, 768030.0, 131280.0, 928320.0, 636750.0]"
5534TPH,ad3e8564-6f0a-47c9-90a2-263775928a6c,"[181710.0, 812520.0, 415050.0, 1208490.0, 1856730.0, 1573290.0, 2234730.0]"
5534TPH,add53270-8ec5-44a9-ba83-48d6583769d5,"[433320.0, 1296300.0, 1557450.0, 163290.0, 153180.0, 1932330.0, 1024860.0, 986340.0, 428730.0, 160980.0, 346920.0]"
5534TPH,aeec8199-893b-4784-8af9-31ef0f2b9857,"[294540.0, 445920.0, 1172760.0, 1171860.0, 749190.0, 1148160.0, 594450.0]"
5534TPH,b303eb0b-ab9f-4205-9395-b765767260f0,"[511920.0, 456780.0, 1053720.0, 127110.0, 346320.0, 1076460.0, 1110630.0, 652620.0, 675120.0, 507990.0, 824190.0]"
5534TPH,b3f5280d-c680-4542-abe0-1e2a1a71fe8a,"[542010.0, 440820.0, 1410660.0, 1306620.0, 229920.0, 267810.0, 151290.0, 461550.0]"
5534TPH,b40b6dec-826e-4891-b852-fb32f8802ada,"[1056120.0, 3030930.0, 2006550.0, 3869970.0, 1021290.0, 565020.0]"
5534TPH,b73d351b-5ee8-4e4b-baf7-10882601f760,"[286740.0, 459390.0, 259620.0, 638880.0, 306390.0, 1072500.0, 1523670.0, 266280.0, 1191900.0, 1555500.0, 340410.0, 1134690.0]"
5534TPH,b8109082-8f07-42a4-ab27-2d428a678417,"[159000.0, 1757310.0, 1289550.0, 1020780.0, 1221660.0, 1257090.0, 158850.0]"
5534TPH,bc87aba4-7ff5-4dec-8717-d3f73e5b67bf,"[267480.0, 2301330.0, 1264530.0, 884820.0, 1036590.0]"
5534TPH,c16022a9-a452-42b9-ac93-9da2ca75a0a9,"[2602770.0, 1398510.0, 1533570.0, 1765140.0, 457650.0, 1160730.0]"
5534TPH,c2bde931-8396-48f4-b42b-29cf5ec7d4ae,"[1257750.0, 352980.0, 1229460.0, 643890.0, 1762140.0, 1144800.0, 1725300.0, 566190.0]"
5534TPH,c2c558ad-2855-4f41-b26a-3cfd276f439a,"[704580.0, 133380.0, 424350.0, 686820.0, 812220.0, 1102620.0, 196380.0, 288450.0, 604650.0]"
5534TPH,c5e37df4-62f2-47ea-a7d5-c0e5800f8247,"[684180.0, 695850.0, 168180.0, 320880.0, 793050.0, 1069050.0, 2081070.0, 2752530.0, 375090.0, 283950.0]"
5534TPH,c983ab1d-9e61-4117-90b3-7de6d5d77607,"[706590.0, 137880.0, 177120.0, 477450.0, 821790.0, 1416330.0, 362250.0, 79710.0, 1831200.0, 315750.0, 551790.0, 183180.0, 503760.0, 131520.0]"
5534TPH,c9b658fc-7a0c-46d6-b81c-bfb321a39b1c,"[338820.0, 384780.0, 236910.0, 271110.0]"
5534TPH,cb6a8d9e-c533-41bd-972d-871d80028307,"[195630.0, 1278960.0, 1400460.0]"
5534TPH,cb8f3b8a-7943-4c7f-8749-92b4b6313228,"[189090.0, 2898300.0, 953490.0, 2081760.0, 216210.0]"
5534TPH,cfdac05b-ec01-4a38-a8f1-d8f55ce5f453,"[1216380.0, 41940.0, 94350.0, 454380.0, 324750.0, 675960.0, 184350.0, 914520.0, 339810.0, 516150.0, 793290.0, 777300.0, 737160.0, 822960.0]"
5534TPH,cfe3f9b5-0b5b-4a0d-9311-1b3ef92261aa,"[919650.0, 1766880.0, 1212630.0, 1366290.0]"
5534TPH,d170880e-2bd6-4bfc-9e3b-6eb3b40b4384,"[565380.0, 386520.0, 578850.0, 248520.0, 889920.0, 2313870.0, 2140200.0, 413880.0, 188580.0]"
5534TPH,d17da1f8-a5a6-4614-a067-6feb96b2b611,"[509700.0, 608250.0, 461520.0, 901680.0, 80610.0, 60570.0, 189240.0, 453750.0, 146310.0, 480420.0]"
5534TPH,d21ee0a0-421b-4fa9-a656-33c8d4a7fb05,"[802800.0, 408900.0, 103680.0, 435510.0, 271410.0, 325740.0, 538920.0, 1203690.0, 1751700.0, 2234400.0, 476610.0, 126180.0, 363150.0, 404220.0]"
5534TPH,d8e2d2b5-2bb8-437f-9493-b078926a19a4,"[897060.0, 157440.0, 382050.0, 497880.0, 214380.0, 517980.0, 575490.0, 189180.0, 1181790.0, 1311240.0, 149490.0]"
5534TPH,daf9075d-fdfe-456b-8c80-4f5ce35d11ea,"[192690.0, 548190.0, 614580.0, 1210470.0, 629160.0, 188610.0, 500850.0, 620430.0, 624720.0, 816450.0]"
5534TPH,dbdddebe-c15c-4032-a4f3-d4e3e2087b5c,"[1081620.0, 1189260.0, 853620.0, 548880.0, 521400.0, 474510.0, 195840.0, 164580.0]"
5534TPH,e33505ca-bfdb-496f-bcfd-b8b913a42637,"[729960.0, 458850.0, 468780.0, 445650.0, 464310.0, 1305390.0, 572580.0, 1647660.0, 598650.0, 525120.0, 932520.0]"
5534TPH,e4fe3aec-1b0f-45b6-9921-84f4f7da350e,"[376560.0, 531150.0, 355680.0, 364050.0, 56250.0, 1113360.0, 753390.0, 601290.0, 576300.0, 822090.0, 907590.0, 1401660.0, 1702410.0]"
5534TPH,e7994090-f25d-4c51-af2a-9db9c65cff6f,"[1807260.0, 1164030.0, 213480.0, 1342920.0, 393150.0]"
5534TPH,ebda61a0-2d8b-4999-a480-8aac6aad374d,"[2131890.0, 1098120.0, 190350.0, 1952070.0, 188520.0]"
5534TPH,ed82dd43-3323-4d9a-b5f8-7efb07f2c76e,"[4037070.0, 2288460.0, 536850.0, 1867230.0]"
5534TPH,f0f90050-5a0f-4965-864e-d6bc0d02b5a0,"[782940.0, 365580.0, 487980.0, 1293420.0, 1097730.0, 918120.0, 1483290.0, 76980.0, 281880.0, 433050.0, 462780.0]"
5534TPH,f34001bf-670e-48ef-b706-535637ee7818,"[727710.0, 444990.0, 815490.0, 1231290.0, 273480.0, 312810.0, 707580.0]"
5534TPH,f4d22ce9-3723-4197-b7a8-67ac3d812383,"[361050.0, 390780.0, 206520.0, 473580.0, 303480.0, 883350.0, 2139900.0, 1907340.0, 311850.0, 856260.0, 97950.0, 575880.0]"
5534TPH,f5532e53-1b55-4412-aa91-aed76c9ab80f,"[4800480.0, 4521120.0]"
5534TPH,fa23dac3-ff27-474b-8e67-cf65128b6afe,"[133440.0, 2238540.0, 1623240.0, 1820640.0, 814560.0]"
5534TPH,fb468da5-c4f2-41b2-b1b5-d91f3646601f,"[521820.0, 684360.0, 238920.0, 190110.0, 218940.0, 304980.0, 1499490.0, 1328250.0, 193110.0, 609450.0]"
5534TPH,fccbc861-3e31-4e35-b4f3-b0f97e77a2c2,"[701970.0, 410310.0, 1476720.0, 1092990.0, 704250.0, 922350.0, 852990.0]"
5534TPH,fea13535-ade6-4215-96ca-dab5b4ef309b,"[723990.0, 1106700.0, 871290.0, 545490.0, 352980.0, 958830.0, 2198130.0, 1814790.0]"
6270NFM,007f3d08-14a7-4a93-af9e-f0d9cfbcea94,"[776190.0, 161310.0, 357180.0, 88740.0, 474390.0]"
6270NFM,04e06e2f-d6d4-4364-aedc-d3f98fa1017a,"[2881800.0, 1382070.0, 1718400.0]"
6270NFM,050963e7-113a-4f7f-a21e-a720d8034642,"[1283280.0, 381090.0, 1709220.0, 1597830.0, 671460.0, 140430.0]"
6270NFM,09b973fd-ddc3-48a5-8838-6c6e02e14a7f,"[1008690.0, 310920.0, 3217260.0, 1768860.0, 1200570.0, 1543590.0, 65370.0]"
6270NFM,0a0705b9-6b0f-4a69-b25b-668b596041c4,"[1421580.0, 268080.0, 399690.0, 1597740.0, 2361570.0]"
6270NFM,0f8f5823-99dc-4511-9951-c9f6b4c8696e,"[419400.0, 235980.0, 494160.0, 243840.0, 555780.0, 540060.0]"
6270NFM,173ebd26-a1a9-4798-a4a0-f2b5f763dcae,"[991620.0, 51540.0, 218310.0, 635250.0, 430980.0, 455550.0]"
6270NFM,1a73cac3-f12d-4e06-a215-c69c2a6ea856,"[3934500.0, 3853710.0]"
6270NFM,27f24f6d-599b-4857-9213-0b2170055034,"[1006650.0, 474450.0, 717120.0, 1225740.0, 192450.0, 913590.0, 1012260.0, 291210.0, 439650.0, 579630.0]"
6270NFM,333c2024-654c-4b7c-8609-fe8412c20b2c,"[836310.0, 365580.0, 899790.0]"
6270NFM,381d92f4-7695-46c2-aff1-49c5abb0723b,"[3315030.0, 2700360.0, 244740.0, 921750.0]"
6270NFM,3d1c2abc-0431-454a-8f4a-68b4164fdbef,"[328890.0, 154110.0, 381390.0, 3379200.0, 3441540.0, 268110.0, 336480.0]"
6270NFM,40dbae54-8760-404f-a434-2c4bed57c907,"[454200.0, 316650.0, 391620.0, 602550.0, 656520.0, 473580.0]"
6270NFM,435ce988-c95d-47ec-a176-4b9a2967d059,"[738720.0, 625260.0, 1129320.0, 1294560.0, 861960.0, 577470.0, 875460.0, 735750.0, 784050.0]"
6270NFM,4a5ab221-44c2-4c15-beff-aca1fc357c3a,"[535290.0, 1395060.0, 562980.0, 950430.0, 441150.0, 574290.0, 84210.0, 744390.0, 200310.0, 492420.0]"
6270NFM,5817b5aa-56fb-413f-be71-27dcce8adca3,"[1116780.0, 558720.0, 437100.0, 459330.0, 529320.0, 544200.0, 163020.0]"
6270NFM,5bd040a5-cf27-4ffd-af6a-4afa44a7eecc,"[578970.0, 603720.0, 426960.0, 321720.0, 184410.0, 113940.0, 307050.0, 657720.0]"
6270NFM,640d734e-c3ae-4c53-a3a9-e2f87067343b,"[771960.0, 167310.0, 440580.0, 1154850.0, 598050.0, 1054200.0, 428880.0, 444810.0]"
6270NFM,6deec7b7-6c11-418c-a1bd-f99a9e3261b6,"[410700.0, 868050.0, 221010.0, 1419150.0, 1441590.0, 1333260.0, 946590.0, 883050.0]"
6270NFM,77227d86-31d7-4575-b55c-c88e6e389c0e,"[3619980.0, 3404490.0]"
6270NFM,7a380404-da50-4a66-8ce4-47865698ad1b,"[468870.0, 411990.0, 599790.0, 1276020.0, 1485720.0, 718560.0, 65340.0]"
6270NFM,7ab9795c-ae20-467b-a4b3-2dd62077bcf5,"[441990.0, 270780.0, 2947530.0, 2943000.0, 303510.0, 610650.0, 517080.0, 690420.0]"
6270NFM,7b2a7ee6-05a9-4a7b-bda0-a089ee2d58ec,"[1341780.0, 1093890.0, 1929600.0, 528450.0, 300150.0, 960990.0]"
6270NFM,7e1b471d-ff00-43de-b527-ce2871f8e74f,"[2628270.0, 1639590.0, 944460.0, 446520.0, 1079820.0]"
6270NFM,81acb266-ab82-497b-92d9-fae490cc4823,"[889140.0, 1656090.0, 1198290.0, 862830.0, 512490.0, 227310.0, 261810.0, 192210.0, 873540.0]"
6270NFM,83317ce9-22cf-4007-9aeb-0b1bb34e3229,"[466620.0, 757350.0, 457380.0, 450480.0, 186540.0, 297120.0, 230520.0, 242280.0, 866190.0]"
6270NFM,8355efb1-34cf-4d53-b85a-535990793ffc,"[818760.0, 399450.0, 197220.0, 200700.0, 441420.0, 903450.0]"
6270NFM,87cbff75-1caa-4068-a786-21468b9488b8,"[787320.0, 105240.0, 420780.0, 599850.0, 1586100.0, 2126070.0]"
6270NFM,89e2794a-f385-45c2-a9be-d8cb5f293c72,"[1759980.0, 1442820.0, 1791330.0, 1545990.0, 447720.0, 80310.0, 628950.0, 823890.0]"
6270NFM,8a1157ba-b8fc-4a05-9a47-6c63f4ed2005,"[843210.0, 276480.0, 434520.0, 535860.0, 502050.0]"
6270NFM,8ef28810-cf55-4c6a-9487-55178eab727f,"[1906950.0, 428250.0, 1617390.0, 1246890.0]"
6270NFM,91133857-fade-412b-859b-901e50aa2236,"[407820.0, 330480.0, 630720.0, 265980.0, 627690.0, 312180.0, 491550.0, 1868820.0, 1497030.0, 675420.0]"
6270NFM,964fa073-b9dc-4aae-a09e-bec99b26c420,"[743790.0, 98640.0, 36240.0, 48720.0, 207780.0, 1125090.0, 880920.0, 1271190.0, 1848330.0]"
6270NFM,aa6646e5-861e-4a3b-9e26-64a1f49a0cc5,"[2391810.0, 1974990.0, 1771410.0, 221280.0, 454260.0, 241440.0, 354450.0]"
6270NFM,aeec8199-893b-4784-8af9-31ef0f2b9857,"[825150.0, 802530.0, 387390.0, 1151490.0, 123780.0, 861390.0, 554550.0, 725160.0]"
6270NFM,b40b6dec-826e-4891-b852-fb32f8802ada,"[1347660.0, 1010160.0, 2214960.0, 496650.0, 75840.0, 934020.0, 1227660.0]"
6270NFM,b73d351b-5ee8-4e4b-baf7-10882601f760,"[329490.0, 3369900.0, 1420230.0, 1768110.0, 260160.0, 829200.0]"
6270NFM,b8109082-8f07-42a4-ab27-2d428a678417,"[714930.0, 105090.0, 692790.0, 569880.0, 692430.0, 635250.0, 438450.0, 394350.0, 681750.0]"
6270NFM,bafe7676-7c4f-45a4-9c0d-c34153a00076,"[768120.0, 944790.0, 565950.0, 44610.0, 1174320.0, 1269960.0, 356010.0, 232110.0, 349020.0]"
6270NFM,bc87aba4-7ff5-4dec-8717-d3f73e5b67bf,"[2669550.0, 2657730.0, 173910.0, 660480.0]"
6270NFM,c16022a9-a452-42b9-ac93-9da2ca75a0a9,"[492360.0, 1744200.0, 1911630.0, 269280.0, 1953330.0, 84480.0, 1061190.0]"
6270NFM,c2bde931-8396-48f4-b42b-29cf5ec7d4ae,"[3850350.0, 2986500.0, 749790.0, 756960.0, 203550.0, 303750.0, 348090.0]"
6270NFM,c2c558ad-2855-4f41-b26a-3cfd276f439a,"[674250.0, 412980.0, 715890.0, 388410.0, 490650.0, 235110.0, 768450.0]"
6270NFM,c5e37df4-62f2-47ea-a7d5-c0e5800f8247,"[4258440.0, 3719940.0, 827550.0, 167580.0]"
6270NFM,c8ebe43a-148b-4db8-b44f-b0bcf14b241e,"[225570.0, 305250.0, 247860.0, 3231480.0, 3282660.0, 86640.0, 233940.0, 795360.0, 340590.0]"
6270NFM,c983ab1d-9e61-4117-90b3-7de6d5d77607,"[292230.0, 232410.0, 1288590.0, 1815270.0, 1026870.0, 516420.0, 1018890.0, 562260.0, 1142130.0]"
6270NFM,c9b658fc-7a0c-46d6-b81c-bfb321a39b1c,"[948870.0, 411810.0, 778020.0, 703020.0, 616950.0, 244950.0, 461880.0, 564120.0, 328350.0]"
6270NFM,c9deac37-c8cb-45c7-b0b1-71f81aa71835,"[237720.0, 2677500.0, 2460390.0, 366750.0, 832620.0, 1053720.0, 1866630.0]"
6270NFM,cb8f3b8a-7943-4c7f-8749-92b4b6313228,"[776670.0, 605520.0, 400980.0, 403440.0, 693720.0, 776790.0, 167010.0, 674250.0]"
6270NFM,cfe3f9b5-0b5b-4a0d-9311-1b3ef92261aa,"[1522440.0, 170250.0, 249840.0, 732960.0, 102210.0, 121410.0, 380250.0, 841020.0]"
6270NFM,d170880e-2bd6-4bfc-9e3b-6eb3b40b4384,"[793050.0, 1679460.0, 412950.0, 859350.0, 1216620.0, 1301820.0, 1323390.0]"
6270NFM,d8e2d2b5-2bb8-437f-9493-b078926a19a4,"[606900.0, 592590.0, 2126070.0, 2177100.0, 354720.0, 430680.0]"
6270NFM,da12ce1a-9c67-4ff9-923e-8dac24549fe3,"[3507930.0, 3531510.0]"
6270NFM,daf9075d-fdfe-456b-8c80-4f5ce35d11ea,"[1300260.0, 885450.0, 1765290.0, 314310.0]"
6270NFM,dbdddebe-c15c-4032-a4f3-d4e3e2087b5c,"[858330.0, 283680.0, 284010.0, 1374990.0, 1379490.0, 595560.0, 278940.0, 716490.0]"
6270NFM,de0b7e1c-aa0a-46d5-82c0-9a38bbc30cbe,"[478260.0, 84510.0, 449850.0, 790320.0, 208980.0, 589920.0, 260880.0, 106440.0, 212010.0, 923490.0]"
6270NFM,e33505ca-bfdb-496f-bcfd-b8b913a42637,"[2446050.0, 1982370.0, 1886040.0, 1767120.0, 311310.0, 448680.0]"
6270NFM,ebda61a0-2d8b-4999-a480-8aac6aad374d,"[1011300.0, 1079460.0, 1276770.0, 811920.0, 564090.0, 681480.0]"
6270NFM,ed82dd43-3323-4d9a-b5f8-7efb07f2c76e,"[1599690.0, 391020.0, 1015290.0, 260580.0, 1034220.0, 1431420.0, 545160.0, 412680.0, 448650.0]"
6270NFM,f007019f-866d-48be-a0cb-bd96328ee43b,"[2318670.0, 2385660.0]"
6270NFM,f0f90050-5a0f-4965-864e-d6bc0d02b5a0,"[939720.0, 68040.0, 552750.0, 786420.0, 886350.0, 330840.0, 617850.0, 345780.0]"
6270NFM,f34001bf-670e-48ef-b706-535637ee7818,"[960150.0, 155880.0, 280710.0, 356550.0, 401520.0, 981330.0, 1119930.0, 665220.0]"
6270NFM,fa23dac3-ff27-474b-8e67-cf65128b6afe,"[536700.0, 1043370.0, 782160.0, 355260.0, 1036860.0, 1750440.0, 626490.0, 240750.0, 270750.0]"
6270NFM,fb468da5-c4f2-41b2-b1b5-d91f3646601f,"[489270.0, 1508460.0, 1094550.0, 2166570.0, 564060.0]"
6270NFM,fea13535-ade6-4215-96ca-dab5b4ef309b,"[576960.0, 287250.0, 278220.0, 516150.0, 1930800.0, 1986660.0, 541890.0, 358350.0, 575850.0, 210210.0, 653220.0]"
6965XLY,0479683c-5185-4c2a-bb06-2dc0e805eecb,"[2820570.0, 2848530.0]"
6965XLY,050963e7-113a-4f7f-a21e-a720d8034642,"[448050.0, 310710.0, 230280.0, 131310.0, 295980.0, 813420.0, 193410.0]"
6965XLY,0a0705b9-6b0f-4a69-b25b-668b596041c4,"[715110.0, 734190.0, 307680.0, 1138290.0, 866190.0, 638190.0, 606150.0]"
6965XLY,0e431f85-a4c6-4109-ad1b-98f58392816e,"[1016010.0, 743580.0, 569160.0, 1131420.0, 1574790.0, 253350.0, 564720.0]"
6965XLY,1a73cac3-f12d-4e06-a215-c69c2a6ea856,"[3007140.0, 1076220.0, 1867440.0, 353190.0, 215190.0, 883920.0]"
6965XLY,27f24f6d-599b-4857-9213-0b2170055034,"[4561080.0, 4553790.0]"
6965XLY,35639c90-2e65-4da6-abb4-9f23ff5e94f0,"[2149800.0, 789990.0, 595650.0, 1732860.0, 551550.0, 957150.0, 49440.0, 512520.0]"
6965XLY,3639f918-671b-4d85-a9d9-a4740ab1d1a0,"[673680.0, 468780.0, 209520.0, 968790.0, 398010.0, 1528290.0]"
6965XLY,381d92f4-7695-46c2-aff1-49c5abb0723b,"[3622860.0, 3653400.0]"
6965XLY,3d1c2abc-0431-454a-8f4a-68b4164fdbef,"[4058490.0, 4044240.0]"
6965XLY,48959867-c32b-4c58-8806-f0e50fd68a93,"[5050200.0, 4780350.0]"
6965XLY,4a5ab221-44c2-4c15-beff-aca1fc357c3a,"[2888280.0, 2778660.0]"
6965XLY,50951384-0816-4303-afbb-49a9582ab1d4,"[3436140.0, 3377340.0]"
6965XLY,54cfa245-a633-4505-86a5-e47ef018fb8c,"[1953780.0, 901320.0, 1118250.0, 2391060.0]"
6965XLY,5bc23801-c7da-43be-80d1-70bf84a82d17,"[2562180.0, 1876620.0, 782220.0]"
6965XLY,5bd040a5-cf27-4ffd-af6a-4afa44a7eecc,"[1643640.0, 441150.0, 161310.0, 920880.0, 1121220.0, 799320.0]"
6965XLY,640d734e-c3ae-4c53-a3a9-e2f87067343b,"[2497230.0, 1972920.0, 617220.0, 71340.0, 571650.0]"
6965XLY,76cb2988-3a44-44bf-8cd6-91f93dc68270,"[3206760.0, 3060120.0]"
6965XLY,7a380404-da50-4a66-8ce4-47865698ad1b,"[189030.0, 755460.0, 1023360.0, 1377390.0, 1364160.0, 484380.0]"
6965XLY,83317ce9-22cf-4007-9aeb-0b1bb34e3229,"[672060.0, 1186050.0, 1110750.0, 852090.0, 64770.0, 904590.0]"
6965XLY,864bd9f3-074d-45e8-a032-5a01237ae290,"[1014030.0, 985410.0, 1051920.0, 827370.0, 1406430.0]"
6965XLY,87cbff75-1caa-4068-a786-21468b9488b8,"[1141680.0, 772620.0, 567090.0, 137580.0, 174750.0, 739050.0, 1324560.0]"
6965XLY,8ef28810-cf55-4c6a-9487-55178eab727f,"[2487090.0, 2333160.0, 272250.0]"
6965XLY,a0788763-3bd2-4720-8865-5f5332cf30a6,"[1040190.0, 53820.0, 361410.0, 518220.0, 512790.0, 561480.0, 483750.0]"
6965XLY,aeec8199-893b-4784-8af9-31ef0f2b9857,"[2396490.0, 1997070.0, 803550.0, 451080.0]"
6965XLY,b3f5280d-c680-4542-abe0-1e2a1a71fe8a,"[2532270.0, 382380.0, 919290.0, 252780.0, 1575090.0]"
6965XLY,bafe7676-7c4f-45a4-9c0d-c34153a00076,"[912120.0, 1984470.0, 2537400.0]"
6965XLY,c8ebe43a-148b-4db8-b44f-b0bcf14b241e,"[4255290.0, 4153710.0]"
6965XLY,c9b658fc-7a0c-46d6-b81c-bfb321a39b1c,"[2446320.0, 2531340.0]"
6965XLY,cfe3f9b5-0b5b-4a0d-9311-1b3ef92261aa,"[2609130.0, 1770990.0, 860190.0, 242880.0]"
6965XLY,d17da1f8-a5a6-4614-a067-6feb96b2b611,"[1121040.0, 52110.0, 278280.0, 1274520.0, 1981890.0]"
6965XLY,d8e2d2b5-2bb8-437f-9493-b078926a19a4,"[3040560.0, 114180.0, 2819700.0]"
6965XLY,da12ce1a-9c67-4ff9-923e-8dac24549fe3,"[1560180.0, 1863240.0, 1184490.0, 595380.0, 800520.0, 1093830.0]"
6965XLY,dbdddebe-c15c-4032-a4f3-d4e3e2087b5c,"[448770.0, 686280.0, 191910.0, 1110930.0, 876030.0, 621780.0, 1213890.0]"
6965XLY,e33505ca-bfdb-496f-bcfd-b8b913a42637,"[830850.0, 2211270.0, 1773660.0, 1287930.0, 2142990.0, 121440.0]"
6965XLY,e7994090-f25d-4c51-af2a-9db9c65cff6f,"[2293860.0, 2190690.0, 233910.0]"
6965XLY,ebda61a0-2d8b-4999-a480-8aac6aad374d,"[226440.0, 1032810.0, 591450.0, 1620300.0]"
6965XLY,f007019f-866d-48be-a0cb-bd96328ee43b,"[1474170.0, 658050.0, 771720.0, 1142190.0, 465120.0]"
6965XLY,f34001bf-670e-48ef-b706-535637ee7818,"[2773920.0, 2627580.0]"
6965XLY,f5532e53-1b55-4412-aa91-aed76c9ab80f,"[285270.0, 860580.0, 1905960.0, 582780.0, 1910370.0, 2097600.0, 1853400.0, 117450.0]"
6965XLY,fb468da5-c4f2-41b2-b1b5-d91f3646601f,"[2953650.0, 2918970.0]"
6965XLY,fccbc861-3e31-4e35-b4f3-b0f97e77a2c2,"[1048020.0, 251460.0, 240300.0, 1894200.0, 2544330.0]"
6965XLY,fea13535-ade6-4215-96ca-dab5b4ef309b,"[420690.0, 2215560.0, 198720.0, 372420.0, 3208830.0, 556620.0, 1555860.0]"
8327DZH,a0788763-3bd2-4720-8865-5f5332cf30a6,"[3885270.0, 3405870.0, 1015020.0]"
8327DZH,d17da1f8-a5a6-4614-a067-6feb96b2b611,"[1027020.0, 87540.0, 334920.0, 729390.0, 252210.0, 269880.0, 467910.0, 365850.0, 727350.0]"
8386WZB,0f8f5823-99dc-4511-9951-c9f6b4c8696e,"[708150.0, 169050.0, 918000.0, 2695830.0, 1987830.0, 1491630.0]"
8386WZB,173ebd26-a1a9-4798-a4a0-f2b5f763dcae,"[3787800.0, 3692910.0]"
8386WZB,333c2024-654c-4b7c-8609-fe8412c20b2c,"[259260.0, 444720.0, 990720.0, 778650.0, 1910370.0, 2165430.0, 1305900.0]"
8386WZB,40dbae54-8760-404f-a434-2c4bed57c907,"[1032420.0, 1680900.0, 1609920.0, 197040.0, 515010.0, 580980.0, 535110.0]"
8386WZB,45c9a42a-7cb5-4266-b0aa-a05b3f446390,"[788070.0, 399720.0, 574350.0, 1669230.0, 2595420.0, 1644330.0]"
8386WZB,4a5ab221-44c2-4c15-beff-aca1fc357c3a,"[2674530.0, 814710.0, 2023020.0, 514590.0]"
8386WZB,77227d86-31d7-4575-b55c-c88e6e389c0e,"[2239950.0, 75480.0, 1197120.0, 737850.0, 902790.0, 894090.0, 1170090.0]"
8386WZB,7a380404-da50-4a66-8ce4-47865698ad1b,"[1080360.0, 385260.0, 902220.0, 1123950.0, 1778520.0, 102180.0, 576780.0]"
8386WZB,7ab9795c-ae20-467b-a4b3-2dd62077bcf5,"[3314490.0, 294750.0, 3547080.0]"
8386WZB,7e1b471d-ff00-43de-b527-ce2871f8e74f,"[3642390.0, 3497970.0]"
8386WZB,83317ce9-22cf-4007-9aeb-0b1bb34e3229,"[1899870.0, 468420.0, 929430.0, 1066590.0, 239010.0, 470850.0]"
8386WZB,8355efb1-34cf-4d53-b85a-535990793ffc,"[6149670.0, 5848170.0]"
8386WZB,864bd9f3-074d-45e8-a032-5a01237ae290,"[1076040.0, 607560.0, 738630.0, 1156860.0, 774030.0, 754620.0, 642690.0]"
8386WZB,964fa073-b9dc-4aae-a09e-bec99b26c420,"[2372490.0, 1177590.0, 1025070.0, 1953660.0]"
8386WZB,a0788763-3bd2-4720-8865-5f5332cf30a6,"[583350.0, 2446500.0, 727290.0, 957120.0, 1437930.0, 655350.0, 406710.0, 189150.0, 279180.0]"
8386WZB,a7a50e60-0e5d-4ef5-81a6-3a45d07aa0ee,"[3748500.0, 3756570.0]"
8386WZB,a8a11526-6b9b-4143-bfb1-ffcae600a17e,"[31710.0, 6598590.0, 6479670.0]"
8386WZB,aa6646e5-861e-4a3b-9e26-64a1f49a0cc5,"[304410.0, 92910.0, 574590.0, 1976160.0, 1896660.0, 949890.0, 1425660.0]"
8386WZB,ad3e8564-6f0a-47c9-90a2-263775928a6c,"[442050.0, 4742370.0, 4767810.0]"
8386WZB,add53270-8ec5-44a9-ba83-48d6583769d5,"[4294230.0, 4223250.0]"
8386WZB,b40b6dec-826e-4891-b852-fb32f8802ada,"[5930280.0, 5912460.0]"
8386WZB,b73d351b-5ee8-4e4b-baf7-10882601f760,"[5073600.0, 4950660.0]"
8386WZB,bc87aba4-7ff5-4dec-8717-d3f73e5b67bf,"[2379450.0, 1380330.0, 2457030.0]"
8386WZB,c9deac37-c8cb-45c7-b0b1-71f81aa71835,"[4984500.0, 4889850.0]"
8386WZB,cb8f3b8a-7943-4c7f-8749-92b4b6313228,"[4525320.0, 4462740.0]"
8386WZB,cfe3f9b5-0b5b-4a0d-9311-1b3ef92261aa,"[168720.0, 2512230.0, 2484630.0]"
8386WZB,d170880e-2bd6-4bfc-9e3b-6eb3b40b4384,"[763920.0, 71610.0, 241380.0, 2482740.0, 2060160.0, 836460.0, 1035690.0, 868020.0, 140280.0]"
8386WZB,d21ee0a0-421b-4fa9-a656-33c8d4a7fb05,"[5595720.0, 5575770.0]"
8386WZB,daf9075d-fdfe-456b-8c80-4f5ce35d11ea,"[1054710.0, 2713590.0, 2973120.0, 185280.0, 323580.0]"
8386WZB,dbdddebe-c15c-4032-a4f3-d4e3e2087b5c,"[1941750.0, 2013690.0]"
8386WZB,de0b7e1c-aa0a-46d5-82c0-9a38bbc30cbe,"[4296570.0, 4254240.0]"
8386WZB,e33505ca-bfdb-496f-bcfd-b8b913a42637,"[4699050.0, 827310.0, 3762840.0]"
8386WZB,f0f90050-5a0f-4965-864e-d6bc0d02b5a0,"[677130.0, 198210.0, 3347400.0, 2415330.0, 1708830.0, 1282950.0, 361920.0, 190080.0]"
8386WZB,f4d22ce9-3723-4197-b7a8-67ac3d812383,"[5230470.0, 4950930.0]"
8809GPH,3639f918-671b-4d85-a9d9-a4740ab1d1a0,"[625680.0, 471810.0, 528780.0, 64470.0, 428880.0, 256170.0, 296910.0, 916680.0, 656790.0, 979890.0]"
8809GPH,76cb2988-3a44-44bf-8cd6-91f93dc68270,"[279150.0, 2444670.0, 2001300.0, 275850.0, 1561560.0]"
8809GPH,a2bfd344-3b14-462a-82e7-d42aca54a650,"[943860.0, 416400.0, 2408430.0, 2244090.0, 751230.0]"
8809GPH,b3f5280d-c680-4542-abe0-1e2a1a71fe8a,"[2752110.0, 2700600.0]"
8809GPH,cb6a8d9e-c533-41bd-972d-871d80028307,"[1881150.0, 258540.0, 1138020.0, 1750590.0, 567390.0]"
8809GPH,d17da1f8-a5a6-4614-a067-6feb96b2b611,"[2234730.0, 1225320.0, 1285350.0, 596280.0]"
8809GPH,fccbc861-3e31-4e35-b4f3-b0f97e77a2c2,"[1697370.0, 2108700.0, 2670930.0]"
9593DXM,007f3d08-14a7-4a93-af9e-f0d9cfbcea94,"[1122240.0, 451320.0, 648450.0, 824490.0]"
9593DXM,0479683c-5185-4c2a-bb06-2dc0e805eecb,"[1420260.0, 335610.0, 804090.0, 1030050.0, 84780.0, 2323770.0]"
9593DXM,04e06e2f-d6d4-4364-aedc-d3f98fa1017a,"[3818730.0, 3823260.0]"
9593DXM,050963e7-113a-4f7f-a21e-a720d8034642,"[1451370.0, 636720.0, 652950.0, 413580.0, 909960.0]"
9593DXM,0e431f85-a4c6-4109-ad1b-98f58392816e,"[625710.0, 574020.0, 1869360.0, 1514730.0, 1416930.0]"
9593DXM,173ebd26-a1a9-4798-a4a0-f2b5f763dcae,"[795030.0, 83850.0, 470880.0, 201210.0, 428250.0]"
9593DXM,27f24f6d-599b-4857-9213-0b2170055034,"[3953160.0, 3806340.0]"
9593DXM,35639c90-2e65-4da6-abb4-9f23ff5e94f0,"[3856740.0, 3806340.0]"
9593DXM,3639f918-671b-4d85-a9d9-a4740ab1d1a0,"[2304150.0, 1057920.0, 1820460.0]"
9593DXM,381d92f4-7695-46c2-aff1-49c5abb0723b,"[708420.0, 530520.0, 1806660.0, 1298190.0, 428610.0, 595950.0]"
9593DXM,3d1c2abc-0431-454a-8f4a-68b4164fdbef,"[2539020.0, 3004230.0, 503220.0, 408600.0]"
9593DXM,40dbae54-8760-404f-a434-2c4bed57c907,"[2350920.0, 212340.0, 1668930.0, 1319160.0, 2235870.0, 964860.0]"
9593DXM,45c9a42a-7cb5-4266-b0aa-a05b3f446390,"[3864090.0, 3894720.0]"
9593DXM,48959867-c32b-4c58-8806-f0e50fd68a93,"[1039920.0, 3074070.0, 3296280.0, 976770.0, 916320.0, 1221690.0]"
9593DXM,50951384-0816-4303-afbb-49a9582ab1d4,"[510180.0, 888720.0, 1867200.0, 895620.0, 2148150.0, 605520.0]"
9593DXM,54cfa245-a633-4505-86a5-e47ef018fb8c,"[2568510.0, 2416860.0]"
9593DXM,5817b5aa-56fb-413f-be71-27dcce8adca3,"[450570.0, 453270.0, 603870.0, 1602930.0, 1413330.0, 1853430.0, 598290.0]"
9593DXM,5bc23801-c7da-43be-80d1-70bf84a82d17,"[2796570.0, 2804100.0]"
9593DXM,5bd040a5-cf27-4ffd-af6a-4afa44a7eecc,"[731970.0, 1556400.0, 866460.0, 2295870.0]"
9593DXM,5d239b9a-3bac-46bd-b19a-7ef590c0a2db,"[3369330.0, 3237870.0]"
9593DXM,640d734e-c3ae-4c53-a3a9-e2f87067343b,"[3215400.0, 3075600.0]"
9593DXM,76cb2988-3a44-44bf-8cd6-91f93dc68270,"[219450.0, 1235400.0, 1468020.0, 1286550.0, 703050.0, 1672260.0]"
9593DXM,7a380404-da50-4a66-8ce4-47865698ad1b,"[634110.0, 923850.0, 1486110.0, 1649190.0, 1440900.0]"
9593DXM,7e1b471d-ff00-43de-b527-ce2871f8e74f,"[972720.0, 771300.0, 819390.0]"
9593DXM,83317ce9-22cf-4007-9aeb-0b1bb34e3229,"[2597460.0, 2481960.0]"
9593DXM,864bd9f3-074d-45e8-a032-5a01237ae290,"[570120.0, 2012910.0, 2412330.0, 223350.0]"
9593DXM,87cbff75-1caa-4068-a786-21468b9488b8,"[840870.0, 1894560.0, 2247030.0, 607500.0]"
9593DXM,8ef28810-cf55-4c6a-9487-55178eab727f,"[1401000.0, 398850.0, 1281990.0, 1770660.0, 589590.0]"
9593DXM,91133857-fade-412b-859b-901e50aa2236,"[3770820.0, 3711150.0]"
9593DXM,964fa073-b9dc-4aae-a09e-bec99b26c420,"[2801820.0, 2692380.0]"
9593DXM,a0788763-3bd2-4720-8865-5f5332cf30a6,"[1168860.0, 1077660.0, 1141830.0, 318210.0, 358620.0, 671190.0]"
9593DXM,aeec8199-893b-4784-8af9-31ef0f2b9857,"[2061300.0, 1352070.0, 2380740.0]"
9593DXM,b3f5280d-c680-4542-abe0-1e2a1a71fe8a,"[1548420.0, 866280.0, 600300.0, 246900.0, 514290.0]"
9593DXM,b8109082-8f07-42a4-ab27-2d428a678417,"[257880.0, 4329540.0, 2739210.0, 1992660.0, 580920.0]"
9593DXM,bafe7676-7c4f-45a4-9c0d-c34153a00076,"[538380.0, 1807260.0, 1654830.0, 743880.0, 1107030.0]"
9593DXM,bc87aba4-7ff5-4dec-8717-d3f73e5b67bf,"[935760.0, 2093370.0, 318780.0, 1337790.0, 681420.0, 935160.0]"
9593DXM,c16022a9-a452-42b9-ac93-9da2ca75a0a9,"[379710.0, 480480.0, 2971530.0, 2442090.0, 554520.0, 1024920.0]"
9593DXM,c2bde931-8396-48f4-b42b-29cf5ec7d4ae,"[4807560.0, 4815990.0]"
9593DXM,c2c558ad-2855-4f41-b26a-3cfd276f439a,"[995850.0, 606150.0, 743880.0, 1396650.0, 771180.0, 839250.0]"
9593DXM,c5e37df4-62f2-47ea-a7d5-c0e5800f8247,"[253200.0, 497580.0, 4635240.0, 5025660.0]"
9593DXM,c8ebe43a-148b-4db8-b44f-b0bcf14b241e,"[3020100.0, 3385470.0, 2631870.0]"
9593DXM,c983ab1d-9e61-4117-90b3-7de6d5d77607,"[5289810.0, 57510.0, 5094480.0]"
9593DXM,c9b658fc-7a0c-46d6-b81c-bfb321a39b1c,"[484200.0, 1494660.0, 884550.0, 2286960.0]"
9593DXM,cb6a8d9e-c533-41bd-972d-871d80028307,"[2841510.0, 456090.0, 2606010.0]"
9593DXM,cfdac05b-ec01-4a38-a8f1-d8f55ce5f453,"[4047120.0, 4106550.0]"
9593DXM,cfe3f9b5-0b5b-4a0d-9311-1b3ef92261aa,"[1045140.0, 664680.0, 169440.0, 474390.0, 161850.0, 858720.0]"
9593DXM,d17da1f8-a5a6-4614-a067-6feb96b2b611,"[1574310.0, 1481190.0, 2295660.0]"
9593DXM,d8e2d2b5-2bb8-437f-9493-b078926a19a4,"[2738520.0, 994620.0, 1872150.0, 572730.0]"
9593DXM,da12ce1a-9c67-4ff9-923e-8dac24549fe3,"[2845230.0, 704190.0, 2692500.0]"
9593DXM,daf9075d-fdfe-456b-8c80-4f5ce35d11ea,"[3670980.0, 3608130.0]"
9593DXM,dbdddebe-c15c-4032-a4f3-d4e3e2087b5c,"[596850.0, 1306920.0, 1779750.0, 2582700.0]"
9593DXM,e33505ca-bfdb-496f-bcfd-b8b913a42637,"[1393530.0, 2912670.0, 3518400.0, 171510.0]"
9593DXM,e7994090-f25d-4c51-af2a-9db9c65cff6f,"[1460580.0, 1276530.0, 732900.0, 986670.0, 308310.0, 805320.0]"
9593DXM,f007019f-866d-48be-a0cb-bd96328ee43b,"[2394030.0, 2380560.0]"
9593DXM,f34001bf-670e-48ef-b706-535637ee7818,"[202500.0, 230310.0, 1394160.0, 890100.0, 989490.0, 315690.0, 1188300.0]"
9593DXM,f5532e53-1b55-4412-aa91-aed76c9ab80f,"[182370.0, 3947580.0, 2722770.0, 629730.0, 2490330.0, 176610.0]"
9593DXM,fa23dac3-ff27-474b-8e67-cf65128b6afe,"[742710.0, 388950.0, 411330.0, 1866300.0, 2078130.0, 531690.0, 617850.0]"
9593DXM,fb468da5-c4f2-41b2-b1b5-d91f3646601f,"[891930.0, 796020.0, 1187850.0, 342480.0]"
9593DXM,fccbc861-3e31-4e35-b4f3-b0f97e77a2c2,"[3537990.0, 3454800.0]"
